condition,sigma,bias_mode,outlier,sigma_floor,seed,robot,ATE,tr_sigma_med,align_gap,n_range_factors,time_s
C,0.0,0,0,0.05,1,ifo001,0.15469,0.053731,0.01145,9712,143.1
C,0.0,0,0,0.05,1,ifo002,0.25552,0.034431,0.01251,9712,143.1
C,0.0,0,0,0.05,1,ifo003,0.27333,0.040244,0.01479,9712,143.1
C,0.0,0,0,0.05,2,ifo001,0.15469,0.053731,0.01145,9712,148.4
C,0.0,0,0,0.05,2,ifo002,0.25552,0.034431,0.01251,9712,148.4
C,0.0,0,0,0.05,2,ifo003,0.27333,0.040244,0.01479,9712,148.4
C,0.0,0,0,0.05,0,ifo001,0.15469,0.053731,0.01145,9712,150.5
C,0.0,0,0,0.05,0,ifo002,0.25552,0.034431,0.01251,9712,150.5
C,0.0,0,0,0.05,0,ifo003,0.27333,0.040244,0.01479,9712,150.5
C,0.0,0,0,0.3,0,ifo001,0.13108,0.104535,0.00835,9712,129.1
C,0.0,0,0,0.3,0,ifo002,0.21793,0.098116,0.00907,9712,129.1
C,0.0,0,0,0.3,0,ifo003,0.23724,0.087849,0.00934,9712,129.1
C,0.0,0,0,0.05,4,ifo001,0.15469,0.053731,0.01145,9712,142.9
C,0.0,0,0,0.05,4,ifo002,0.25552,0.034431,0.01251,9712,142.9
C,0.0,0,0,0.05,4,ifo003,0.27333,0.040244,0.01479,9712,142.9
C,0.0,0,0,0.05,3,ifo001,0.15469,0.053731,0.01145,9712,157.4
C,0.0,0,0,0.05,3,ifo002,0.25552,0.034431,0.01251,9712,157.4
C,0.0,0,0,0.05,3,ifo003,0.27333,0.040244,0.01479,9712,157.4
C,0.0,0,0,matched,4,ifo001,0.15203,0.044841,0.00523,9712,305.1
C,0.0,0,0,matched,4,ifo002,0.22322,0.02602,0.01366,9712,305.1
C,0.0,0,0,matched,4,ifo003,0.25446,0.033703,0.01557,9712,305.1
C,0.0,0,0,matched,2,ifo001,0.15203,0.044841,0.00523,9712,305.1
C,0.0,0,0,matched,2,ifo002,0.22322,0.02602,0.01366,9712,305.1
C,0.0,0,0,matched,2,ifo003,0.25446,0.033703,0.01557,9712,305.1
C,0.0,0,0,matched,1,ifo001,0.15203,0.044841,0.00523,9712,312.9
C,0.0,0,0,matched,1,ifo002,0.22322,0.02602,0.01366,9712,312.9
C,0.0,0,0,matched,1,ifo003,0.25446,0.033703,0.01557,9712,312.9
C,0.0,0,0,matched,3,ifo001,0.15203,0.044841,0.00523,9712,333.0
C,0.0,0,0,matched,3,ifo002,0.22322,0.02602,0.01366,9712,333.0
C,0.0,0,0,matched,3,ifo003,0.25446,0.033703,0.01557,9712,333.0
C,0.0,0,0,matched,0,ifo001,0.15203,0.044841,0.00523,9712,340.5
C,0.0,0,0,matched,0,ifo002,0.22322,0.02602,0.01366,9712,340.5
C,0.0,0,0,matched,0,ifo003,0.25446,0.033703,0.01557,9712,340.5
C,0.0,0,0,0.3,1,ifo001,0.13108,0.104535,0.00835,9712,125.8
C,0.0,0,0,0.3,1,ifo002,0.21793,0.098116,0.00907,9712,125.8
C,0.0,0,0,0.3,1,ifo003,0.23724,0.087849,0.00934,9712,125.8
C,0.0,0,0,0.3,3,ifo001,0.13108,0.104535,0.00835,9712,125.7
C,0.0,0,0,0.3,3,ifo002,0.21793,0.098116,0.00907,9712,125.7
C,0.0,0,0,0.3,3,ifo003,0.23724,0.087849,0.00934,9712,125.7
C,0.0,0,0,0.3,2,ifo001,0.13108,0.104535,0.00835,9712,135.7
C,0.0,0,0,0.3,2,ifo002,0.21793,0.098116,0.00907,9712,135.7
C,0.0,0,0,0.3,2,ifo003,0.23724,0.087849,0.00934,9712,135.7
C,0.0,0,0,0.3,4,ifo001,0.13108,0.104535,0.00835,9712,130.6
C,0.0,0,0,0.3,4,ifo002,0.21793,0.098116,0.00907,9712,130.6
C,0.0,0,0,0.3,4,ifo003,0.23724,0.087849,0.00934,9712,130.6
C,0.0,0,1,matched,0,ifo001,0.15164,0.044962,0.00504,9712,224.6
C,0.0,0,1,matched,0,ifo002,0.22028,0.0261,0.01351,9712,224.6
C,0.0,0,1,matched,0,ifo003,0.25207,0.033765,0.01524,9712,224.6
C,0.0,0,1,matched,1,ifo001,0.15118,0.045199,0.00558,9712,258.9
C,0.0,0,1,matched,1,ifo002,0.2233,0.026181,0.01401,9712,258.9
C,0.0,0,1,matched,1,ifo003,0.25487,0.033853,0.01606,9712,258.9
C,0.0,0,1,0.05,1,ifo001,0.15338,0.054026,0.01147,9712,172.8
C,0.0,0,1,0.05,1,ifo002,0.25309,0.035356,0.01266,9712,172.8
C,0.0,0,1,0.05,1,ifo003,0.27317,0.040491,0.01485,9712,172.8
C,0.0,0,1,0.05,0,ifo001,0.15401,0.053925,0.01132,9712,175.1
C,0.0,0,1,0.05,0,ifo002,0.25323,0.034943,0.01268,9712,175.1
C,0.0,0,1,0.05,0,ifo003,0.27287,0.040419,0.0147,9712,175.1
C,0.0,0,1,0.05,2,ifo001,0.15585,0.053878,0.01141,9712,170.6
C,0.0,0,1,0.05,2,ifo002,0.25408,0.034493,0.01224,9712,170.6
C,0.0,0,1,0.05,2,ifo003,0.27128,0.04031,0.01416,9712,170.6
C,0.0,0,1,matched,2,ifo001,0.1558,0.044974,0.00537,9712,286.3
C,0.0,0,1,matched,2,ifo002,0.22692,0.026085,0.01331,9712,286.3
C,0.0,0,1,matched,2,ifo003,0.25593,0.033753,0.01517,9712,286.3
C,0.0,0,1,matched,3,ifo001,0.15092,0.044911,0.00534,9712,292.8
C,0.0,0,1,matched,3,ifo002,0.2227,0.026064,0.01337,9712,292.8
C,0.0,0,1,matched,3,ifo003,0.2538,0.033748,0.01534,9712,292.8
C,0.0,0,1,matched,4,ifo001,0.15266,0.044883,0.00527,9712,300.7
C,0.0,0,1,matched,4,ifo002,0.22432,0.026053,0.01434,9712,300.7
C,0.0,0,1,matched,4,ifo003,0.25677,0.03374,0.01616,9712,300.7
C,0.0,0,1,0.05,3,ifo001,0.15227,0.053725,0.01171,9712,177.9
C,0.0,0,1,0.05,3,ifo002,0.254,0.034447,0.01241,9712,177.9
C,0.0,0,1,0.05,3,ifo003,0.2721,0.040296,0.01452,9712,177.9
C,0.0,0,1,0.3,0,ifo001,0.13094,0.10485,0.00926,9712,123.4
C,0.0,0,1,0.3,0,ifo002,0.21628,0.098763,0.0098,9712,123.4
C,0.0,0,1,0.3,0,ifo003,0.23768,0.089196,0.00926,9712,123.4
C,0.0,0,1,0.05,4,ifo001,0.15333,0.053767,0.01117,9712,155.4
C,0.0,0,1,0.05,4,ifo002,0.25388,0.03439,0.01285,9712,155.4
C,0.0,0,1,0.05,4,ifo003,0.27373,0.040269,0.01505,9712,155.4
C,0.0,0,1,0.3,1,ifo001,0.1299,0.105297,0.00801,9712,138.4
C,0.0,0,1,0.3,1,ifo002,0.21613,0.09965,0.00927,9712,138.4
C,0.0,0,1,0.3,1,ifo003,0.23915,0.089331,0.00954,9712,138.4
C,0.0,0,1,0.3,3,ifo001,0.12844,0.105121,0.00752,9712,129.8
C,0.0,0,1,0.3,3,ifo002,0.21264,0.098394,0.00873,9712,129.8
C,0.0,0,1,0.3,3,ifo003,0.23339,0.088489,0.00847,9712,129.8
C,0.0,0,1,0.3,2,ifo001,0.1323,0.105122,0.00805,9712,144.2
C,0.0,0,1,0.3,2,ifo002,0.21296,0.098217,0.00897,9712,144.2
C,0.0,0,1,0.3,2,ifo003,0.23289,0.088152,0.00847,9712,144.2
C,0.0,0,1,0.3,4,ifo001,0.13233,0.104466,0.00798,9712,140.6
C,0.0,0,1,0.3,4,ifo002,0.21671,0.098082,0.00909,9712,140.6
C,0.0,0,1,0.3,4,ifo003,0.23739,0.088271,0.00879,9712,140.6
C,0.0,1,0,0.05,0,ifo001,0.1497,0.053616,0.01152,9712,172.1
C,0.0,1,0,0.05,0,ifo002,0.24978,0.034417,0.01266,9712,172.1
C,0.0,1,0,0.05,0,ifo003,0.26945,0.04022,0.01481,9712,172.1
C,0.0,1,0,0.05,1,ifo001,0.1497,0.053616,0.01152,9712,170.7
C,0.0,1,0,0.05,1,ifo002,0.24978,0.034417,0.01266,9712,170.7
C,0.0,1,0,0.05,1,ifo003,0.26945,0.04022,0.01481,9712,170.7
C,0.0,1,0,0.05,2,ifo001,0.1497,0.053616,0.01152,9712,184.3
C,0.0,1,0,0.05,2,ifo002,0.24978,0.034417,0.01266,9712,184.3
C,0.0,1,0,0.05,2,ifo003,0.26945,0.04022,0.01481,9712,184.3
C,0.0,1,0,matched,0,ifo001,0.14552,0.044682,0.00528,9712,318.0
C,0.0,1,0,matched,0,ifo002,0.21706,0.025978,0.01398,9712,318.0
C,0.0,1,0,matched,0,ifo003,0.24995,0.033698,0.01592,9712,318.0
C,0.0,1,0,matched,1,ifo001,0.14552,0.044682,0.00528,9712,319.9
C,0.0,1,0,matched,1,ifo002,0.21706,0.025978,0.01398,9712,319.9
C,0.0,1,0,matched,1,ifo003,0.24995,0.033698,0.01592,9712,319.9
C,0.0,1,0,matched,2,ifo001,0.14552,0.044682,0.00528,9712,326.1
C,0.0,1,0,matched,2,ifo002,0.21706,0.025978,0.01398,9712,326.1
C,0.0,1,0,matched,2,ifo003,0.24995,0.033698,0.01592,9712,326.1
C,0.0,1,0,0.05,3,ifo001,0.1497,0.053616,0.01152,9712,157.7
C,0.0,1,0,0.05,3,ifo002,0.24978,0.034417,0.01266,9712,157.7
C,0.0,1,0,0.05,3,ifo003,0.26945,0.04022,0.01481,9712,157.7
C,0.0,1,0,matched,3,ifo001,0.14552,0.044682,0.00528,9712,368.7
C,0.0,1,0,matched,3,ifo002,0.21706,0.025978,0.01398,9712,368.7
C,0.0,1,0,matched,3,ifo003,0.24995,0.033698,0.01592,9712,368.7
C,0.0,1,0,0.05,4,ifo001,0.1497,0.053616,0.01152,9712,174.5
C,0.0,1,0,0.05,4,ifo002,0.24978,0.034417,0.01266,9712,174.5
C,0.0,1,0,0.05,4,ifo003,0.26945,0.04022,0.01481,9712,174.5
C,0.0,1,0,0.3,0,ifo001,0.13041,0.104458,0.00815,9712,139.3
C,0.0,1,0,0.3,0,ifo002,0.21593,0.098162,0.00912,9712,139.3
C,0.0,1,0,0.3,0,ifo003,0.2357,0.087992,0.00918,9712,139.3
C,0.0,1,0,matched,4,ifo001,0.14552,0.044682,0.00528,9712,374.7
C,0.0,1,0,matched,4,ifo002,0.21706,0.025978,0.01398,9712,374.7
C,0.0,1,0,matched,4,ifo003,0.24995,0.033698,0.01592,9712,374.7
C,0.0,1,0,0.3,1,ifo001,0.13041,0.104458,0.00815,9712,138.9
C,0.0,1,0,0.3,1,ifo002,0.21593,0.098162,0.00912,9712,138.9
C,0.0,1,0,0.3,1,ifo003,0.2357,0.087992,0.00918,9712,138.9
C,0.0,1,0,0.3,2,ifo001,0.13041,0.104458,0.00815,9712,146.6
C,0.0,1,0,0.3,2,ifo002,0.21593,0.098162,0.00912,9712,146.6
C,0.0,1,0,0.3,2,ifo003,0.2357,0.087992,0.00918,9712,146.6
C,0.0,1,0,0.3,3,ifo001,0.13041,0.104458,0.00815,9712,127.8
C,0.0,1,0,0.3,3,ifo002,0.21593,0.098162,0.00912,9712,127.8
C,0.0,1,0,0.3,3,ifo003,0.2357,0.087992,0.00918,9712,127.8
C,0.0,1,0,0.3,4,ifo001,0.13041,0.104458,0.00815,9712,127.0
C,0.0,1,0,0.3,4,ifo002,0.21593,0.098162,0.00912,9712,127.0
C,0.0,1,0,0.3,4,ifo003,0.2357,0.087992,0.00918,9712,127.0
C,0.0,1,1,0.05,0,ifo001,0.14905,0.053793,0.01139,9712,177.7
C,0.0,1,1,0.05,0,ifo002,0.24758,0.034932,0.01283,9712,177.7
C,0.0,1,1,0.05,0,ifo003,0.26904,0.040397,0.01473,9712,177.7
C,0.0,1,1,0.05,1,ifo001,0.14849,0.053879,0.01153,9712,180.9
C,0.0,1,1,0.05,1,ifo002,0.24751,0.035341,0.01281,9712,180.9
C,0.0,1,1,0.05,1,ifo003,0.2694,0.040462,0.01487,9712,180.9
C,0.0,1,1,matched,0,ifo001,0.14514,0.044815,0.00511,9712,279.6
C,0.0,1,1,matched,0,ifo002,0.21415,0.026045,0.01385,9712,279.6
C,0.0,1,1,matched,0,ifo003,0.24763,0.033748,0.01559,9712,279.6
C,0.0,1,1,0.05,2,ifo001,0.15077,0.053736,0.01148,9712,173.9
C,0.0,1,1,0.05,2,ifo002,0.24827,0.034472,0.01238,9712,173.9
C,0.0,1,1,0.05,2,ifo003,0.26736,0.040245,0.01417,9712,173.9
C,0.0,1,1,matched,3,ifo001,0.14453,0.044771,0.00536,9712,267.6
C,0.0,1,1,matched,3,ifo002,0.21661,0.026021,0.01364,9712,267.6
C,0.0,1,1,matched,3,ifo003,0.24923,0.033743,0.01565,9712,267.6
C,0.0,1,1,matched,2,ifo001,0.14898,0.044838,0.00539,9712,299.5
C,0.0,1,1,matched,2,ifo002,0.22046,0.026037,0.0136,9712,299.5
C,0.0,1,1,matched,2,ifo003,0.25112,0.033746,0.01548,9712,299.5
C,0.0,1,1,matched,1,ifo001,0.1449,0.045009,0.00564,9712,312.7
C,0.0,1,1,matched,1,ifo002,0.21744,0.026142,0.01432,9712,312.7
C,0.0,1,1,matched,1,ifo003,0.25055,0.033837,0.0164,9712,312.7
C,0.0,1,1,matched,4,ifo001,0.14642,0.044725,0.0053,9712,301.9
C,0.0,1,1,matched,4,ifo002,0.21835,0.026011,0.01466,9712,301.9
C,0.0,1,1,matched,4,ifo003,0.25234,0.03373,0.0165,9712,301.9
C,0.0,1,1,0.3,0,ifo001,0.13041,0.104745,0.00912,9712,130.1
C,0.0,1,1,0.3,0,ifo002,0.21441,0.098806,0.00989,9712,130.1
C,0.0,1,1,0.3,0,ifo003,0.23623,0.089336,0.00914,9712,130.1
C,0.0,1,1,0.05,3,ifo001,0.14731,0.053615,0.01179,9712,156.5
C,0.0,1,1,0.05,3,ifo002,0.24834,0.034425,0.01256,9712,156.5
C,0.0,1,1,0.05,3,ifo003,0.26827,0.040308,0.01454,9712,156.5
C,0.0,1,1,0.3,1,ifo001,0.12932,0.105183,0.00784,9712,141.6
C,0.0,1,1,0.3,1,ifo002,0.21438,0.099723,0.00931,9712,141.6
C,0.0,1,1,0.3,1,ifo003,0.23765,0.089496,0.0094,9712,141.6
C,0.0,1,1,0.3,2,ifo001,0.1318,0.104992,0.00789,9712,145.7
C,0.0,1,1,0.3,2,ifo002,0.21114,0.098287,0.00903,9712,145.7
C,0.0,1,1,0.3,2,ifo003,0.23148,0.088309,0.00835,9712,145.7
C,0.0,1,1,0.3,3,ifo001,0.12786,0.105034,0.00736,9712,134.3
C,0.0,1,1,0.3,3,ifo002,0.21078,0.098427,0.00877,9712,134.3
C,0.0,1,1,0.3,3,ifo003,0.2319,0.08861,0.00834,9712,134.3
C,0.0,1,1,0.05,4,ifo001,0.14856,0.05363,0.01121,9712,186.6
C,0.0,1,1,0.05,4,ifo002,0.24831,0.034368,0.013,9712,186.6
C,0.0,1,1,0.05,4,ifo003,0.26993,0.040265,0.01506,9712,186.6
C,0.0,1,1,0.3,4,ifo001,0.13186,0.104387,0.00781,9712,149.5
C,0.0,1,1,0.3,4,ifo002,0.21493,0.098221,0.00915,9712,149.5
C,0.0,1,1,0.3,4,ifo003,0.23593,0.088346,0.00866,9712,149.5
C,0.05,0,0,matched,0,ifo001,0.16497,0.054509,0.00916,9712,220.4
C,0.05,0,0,matched,0,ifo002,0.25969,0.035448,0.01138,9712,220.4
C,0.05,0,0,matched,0,ifo003,0.27482,0.040797,0.01217,9712,220.4
C,0.05,0,0,matched,3,ifo001,0.16114,0.05437,0.01053,9712,203.6
C,0.05,0,0,matched,3,ifo002,0.26348,0.035466,0.01153,9712,203.6
C,0.05,0,0,matched,3,ifo003,0.27405,0.040664,0.01344,9712,203.6
C,0.05,0,0,matched,2,ifo001,0.16387,0.054361,0.01294,9712,229.7
C,0.05,0,0,matched,2,ifo002,0.2759,0.035127,0.012,9712,229.7
C,0.05,0,0,matched,2,ifo003,0.28139,0.040656,0.01517,9712,229.7
C,0.05,0,0,0.05,0,ifo001,0.16497,0.054509,0.00916,9712,213.4
C,0.05,0,0,0.05,0,ifo002,0.25969,0.035448,0.01138,9712,213.4
C,0.05,0,0,0.05,0,ifo003,0.27482,0.040797,0.01217,9712,213.4
C,0.05,0,0,matched,1,ifo001,0.16056,0.054224,0.01382,9712,244.9
C,0.05,0,0,matched,1,ifo002,0.26941,0.034449,0.01266,9712,244.9
C,0.05,0,0,matched,1,ifo003,0.27677,0.040588,0.01348,9712,244.9
C,0.05,0,0,0.05,1,ifo001,0.16056,0.054224,0.01382,9712,220.5
C,0.05,0,0,0.05,1,ifo002,0.26941,0.034449,0.01266,9712,220.5
C,0.05,0,0,0.05,1,ifo003,0.27677,0.040588,0.01348,9712,220.5
C,0.05,0,0,matched,4,ifo001,0.14735,0.054137,0.01583,9712,248.2
C,0.05,0,0,matched,4,ifo002,0.26943,0.035061,0.01131,9712,248.2
C,0.05,0,0,matched,4,ifo003,0.27543,0.040494,0.01398,9712,248.2
C,0.05,0,0,0.05,2,ifo001,0.16387,0.054361,0.01294,9712,244.4
C,0.05,0,0,0.05,2,ifo002,0.2759,0.035127,0.012,9712,244.4
C,0.05,0,0,0.05,2,ifo003,0.28139,0.040656,0.01517,9712,244.4
C,0.05,0,0,0.3,1,ifo001,0.1314,0.104308,0.0092,9712,135.1
C,0.05,0,0,0.3,1,ifo002,0.22281,0.096792,0.00888,9712,135.1
C,0.05,0,0,0.3,1,ifo003,0.23917,0.086982,0.00879,9712,135.1
C,0.05,0,0,0.3,0,ifo001,0.13514,0.10487,0.00758,9712,147.2
C,0.05,0,0,0.3,0,ifo002,0.22059,0.0981,0.0093,9712,147.2
C,0.05,0,0,0.3,0,ifo003,0.23835,0.087914,0.00924,9712,147.2
C,0.05,0,0,0.05,3,ifo001,0.16114,0.05437,0.01053,9712,208.9
C,0.05,0,0,0.05,3,ifo002,0.26348,0.035466,0.01153,9712,208.9
C,0.05,0,0,0.05,3,ifo003,0.27405,0.040664,0.01344,9712,208.9
C,0.05,0,0,0.3,2,ifo001,0.12795,0.104891,0.00911,9712,150.7
C,0.05,0,0,0.3,2,ifo002,0.22163,0.098171,0.00857,9712,150.7
C,0.05,0,0,0.3,2,ifo003,0.23218,0.088081,0.00958,9712,150.7
C,0.05,0,0,0.3,4,ifo001,0.12568,0.104506,0.00987,9712,137.8
C,0.05,0,0,0.3,4,ifo002,0.22278,0.098073,0.00943,9712,137.8
C,0.05,0,0,0.3,4,ifo003,0.23822,0.08806,0.01008,9712,137.8
C,0.05,0,0,0.3,3,ifo001,0.13397,0.104992,0.00739,9712,149.3
C,0.05,0,0,0.3,3,ifo002,0.22095,0.097729,0.00846,9712,149.3
C,0.05,0,0,0.3,3,ifo003,0.24007,0.087896,0.00896,9712,149.3
C,0.05,0,0,0.05,4,ifo001,0.14735,0.054137,0.01583,9712,222.8
C,0.05,0,0,0.05,4,ifo002,0.26943,0.035061,0.01131,9712,222.8
C,0.05,0,0,0.05,4,ifo003,0.27543,0.040494,0.01398,9712,222.8
C,0.05,0,1,matched,0,ifo001,0.1611,0.054437,0.00952,9712,201.4
C,0.05,0,1,matched,0,ifo002,0.25634,0.035414,0.0118,9712,201.4
C,0.05,0,1,matched,0,ifo003,0.27389,0.040773,0.01234,9712,201.4
C,0.05,0,1,matched,1,ifo001,0.1554,0.054138,0.01415,9712,194.8
C,0.05,0,1,matched,1,ifo002,0.26459,0.034639,0.01279,9712,194.8
C,0.05,0,1,matched,1,ifo003,0.2739,0.040669,0.01354,9712,194.8
C,0.05,0,1,matched,3,ifo001,0.15426,0.054303,0.01149,9712,192.0
C,0.05,0,1,matched,3,ifo002,0.25998,0.035438,0.01193,9712,192.0
C,0.05,0,1,matched,3,ifo003,0.27119,0.040694,0.0141,9712,192.0
C,0.05,0,1,matched,4,ifo001,0.14064,0.053941,0.01723,9712,189.4
C,0.05,0,1,matched,4,ifo002,0.26555,0.034991,0.01118,9712,189.4
C,0.05,0,1,matched,4,ifo003,0.27286,0.040481,0.01377,9712,189.4
C,0.05,0,1,matched,2,ifo001,0.15886,0.054392,0.01269,9712,208.5
C,0.05,0,1,matched,2,ifo002,0.26711,0.035413,0.01166,9712,208.5
C,0.05,0,1,matched,2,ifo003,0.27346,0.040723,0.01479,9712,208.5
C,0.05,0,1,0.05,1,ifo001,0.1554,0.054138,0.01415,9712,206.6
C,0.05,0,1,0.05,1,ifo002,0.26459,0.034639,0.01279,9712,206.6
C,0.05,0,1,0.05,1,ifo003,0.2739,0.040669,0.01354,9712,206.6
C,0.05,0,1,0.05,0,ifo001,0.1611,0.054437,0.00952,9712,207.7
C,0.05,0,1,0.05,0,ifo002,0.25634,0.035414,0.0118,9712,207.7
C,0.05,0,1,0.05,0,ifo003,0.27389,0.040773,0.01234,9712,207.7
C,0.05,0,1,0.05,2,ifo001,0.15886,0.054392,0.01269,9712,202.2
C,0.05,0,1,0.05,2,ifo002,0.26711,0.035413,0.01166,9712,202.2
C,0.05,0,1,0.05,2,ifo003,0.27346,0.040723,0.01479,9712,202.2
C,0.05,0,1,0.05,3,ifo001,0.15426,0.054303,0.01149,9712,208.5
C,0.05,0,1,0.05,3,ifo002,0.25998,0.035438,0.01193,9712,208.5
C,0.05,0,1,0.05,3,ifo003,0.27119,0.040694,0.0141,9712,208.5
C,0.05,0,1,0.3,0,ifo001,0.13394,0.104299,0.00781,9712,136.0
C,0.05,0,1,0.3,0,ifo002,0.21578,0.097873,0.01037,9712,136.0
C,0.05,0,1,0.3,0,ifo003,0.23959,0.088087,0.00917,9712,136.0
C,0.05,0,1,0.3,2,ifo001,0.12639,0.105255,0.0092,9712,131.9
C,0.05,0,1,0.3,2,ifo002,0.21109,0.099393,0.00829,9712,131.9
C,0.05,0,1,0.3,2,ifo003,0.22307,0.089332,0.00879,9712,131.9
C,0.05,0,1,0.3,1,ifo001,0.12858,0.104219,0.00785,9712,140.0
C,0.05,0,1,0.3,1,ifo002,0.21467,0.097566,0.00866,9712,140.0
C,0.05,0,1,0.3,1,ifo003,0.23213,0.08766,0.00802,9712,140.0
C,0.05,0,1,0.3,4,ifo001,0.12123,0.103922,0.0111,9712,133.5
C,0.05,0,1,0.3,4,ifo002,0.22257,0.098223,0.00988,9712,133.5
C,0.05,0,1,0.3,4,ifo003,0.23286,0.087772,0.01061,9712,133.5
C,0.05,0,1,0.3,3,ifo001,0.13125,0.104641,0.00752,9712,143.7
C,0.05,0,1,0.3,3,ifo002,0.21691,0.098566,0.00892,9712,143.7
C,0.05,0,1,0.3,3,ifo003,0.23737,0.088671,0.0093,9712,143.7
C,0.05,0,1,0.05,4,ifo001,0.14064,0.053941,0.01723,9712,208.0
C,0.05,0,1,0.05,4,ifo002,0.26555,0.034991,0.01118,9712,208.0
C,0.05,0,1,0.05,4,ifo003,0.27286,0.040481,0.01377,9712,208.0
C,0.05,1,0,matched,0,ifo001,0.15975,0.054353,0.00921,9712,193.1
C,0.05,1,0,matched,0,ifo002,0.25377,0.035425,0.01153,9712,193.1
C,0.05,1,0,matched,0,ifo003,0.27078,0.040762,0.01215,9712,193.1
C,0.05,1,0,matched,2,ifo001,0.15884,0.054194,0.01299,9712,224.3
C,0.05,1,0,matched,2,ifo002,0.2701,0.035086,0.01213,9712,224.3
C,0.05,1,0,matched,2,ifo003,0.27728,0.04061,0.01515,9712,224.3
C,0.05,1,0,matched,3,ifo001,0.1562,0.054226,0.01057,9712,225.9
C,0.05,1,0,matched,3,ifo002,0.25759,0.035445,0.01165,9712,225.9
C,0.05,1,0,matched,3,ifo003,0.26992,0.040633,0.01342,9712,225.9
C,0.05,1,0,matched,1,ifo001,0.15554,0.05407,0.01411,9712,247.4
C,0.05,1,0,matched,1,ifo002,0.26408,0.034442,0.01287,9712,247.4
C,0.05,1,0,matched,1,ifo003,0.27321,0.04057,0.01351,9712,247.4
C,0.05,1,0,matched,4,ifo001,0.14244,0.053987,0.01596,9712,247.7
C,0.05,1,0,matched,4,ifo002,0.26381,0.035056,0.01142,9712,247.7
C,0.05,1,0,matched,4,ifo003,0.27157,0.040475,0.01396,9712,247.7
C,0.05,1,0,0.05,0,ifo001,0.15975,0.054353,0.00921,9712,224.5
C,0.05,1,0,0.05,0,ifo002,0.25377,0.035425,0.01153,9712,224.5
C,0.05,1,0,0.05,0,ifo003,0.27078,0.040762,0.01215,9712,224.5
C,0.05,1,0,0.05,1,ifo001,0.15554,0.05407,0.01411,9712,239.7
C,0.05,1,0,0.05,1,ifo002,0.26408,0.034442,0.01287,9712,239.7
C,0.05,1,0,0.05,1,ifo003,0.27321,0.04057,0.01351,9712,239.7
C,0.05,1,0,0.05,2,ifo001,0.15884,0.054194,0.01299,9712,243.0
C,0.05,1,0,0.05,2,ifo002,0.2701,0.035086,0.01213,9712,243.0
C,0.05,1,0,0.05,2,ifo003,0.27728,0.04061,0.01515,9712,243.0
C,0.05,1,0,0.05,3,ifo001,0.1562,0.054226,0.01057,9712,198.6
C,0.05,1,0,0.05,3,ifo002,0.25759,0.035445,0.01165,9712,198.6
C,0.05,1,0,0.05,3,ifo003,0.26992,0.040633,0.01342,9712,198.6
C,0.05,1,0,0.3,0,ifo001,0.13447,0.104791,0.00741,9712,119.9
C,0.05,1,0,0.3,0,ifo002,0.21857,0.098126,0.00936,9712,119.9
C,0.05,1,0,0.3,0,ifo003,0.23684,0.08807,0.00908,9712,119.9
C,0.05,1,0,0.3,1,ifo001,0.13075,0.104191,0.00901,9712,133.6
C,0.05,1,0,0.3,1,ifo002,0.2207,0.096905,0.00895,9712,133.6
C,0.05,1,0,0.3,1,ifo003,0.23761,0.087066,0.00864,9712,133.6
C,0.05,1,0,0.3,2,ifo001,0.12723,0.104907,0.00888,9712,122.8
C,0.05,1,0,0.3,2,ifo002,0.21955,0.098301,0.0086,9712,122.8
C,0.05,1,0,0.3,2,ifo003,0.23056,0.088245,0.0094,9712,122.8
C,0.05,1,0,0.3,3,ifo001,0.1333,0.104892,0.00719,9712,132.8
C,0.05,1,0,0.3,3,ifo002,0.21892,0.097852,0.0085,9712,132.8
C,0.05,1,0,0.3,3,ifo003,0.23851,0.088016,0.0088,9712,132.8
C,0.05,1,0,0.3,4,ifo001,0.12498,0.10443,0.00965,9712,132.9
C,0.05,1,0,0.3,4,ifo002,0.22072,0.098124,0.00947,9712,132.9
C,0.05,1,0,0.3,4,ifo003,0.23663,0.088201,0.0099,9712,132.9
C,0.05,1,0,0.05,4,ifo001,0.14244,0.053987,0.01596,9712,204.7
C,0.05,1,0,0.05,4,ifo002,0.26381,0.035056,0.01142,9712,204.7
C,0.05,1,0,0.05,4,ifo003,0.27157,0.040475,0.01396,9712,204.7
C,0.05,1,1,matched,0,ifo001,0.15604,0.05427,0.00962,9712,176.7
C,0.05,1,1,matched,0,ifo002,0.25063,0.035405,0.01197,9712,176.7
C,0.05,1,1,matched,0,ifo003,0.27002,0.040765,0.01233,9712,176.7
C,0.05,1,1,matched,1,ifo001,0.15055,0.054002,0.01445,9712,192.7
C,0.05,1,1,matched,1,ifo002,0.25941,0.034639,0.01302,9712,192.7
C,0.05,1,1,matched,1,ifo003,0.27045,0.040658,0.01358,9712,192.7
C,0.05,1,1,matched,2,ifo001,0.15397,0.054223,0.01275,9712,181.2
C,0.05,1,1,matched,2,ifo002,0.26157,0.035376,0.01179,9712,181.2
C,0.05,1,1,matched,2,ifo003,0.26947,0.040682,0.01478,9712,181.2
C,0.05,1,1,matched,4,ifo001,0.13603,0.053791,0.01737,9712,177.4
C,0.05,1,1,matched,4,ifo002,0.26018,0.034973,0.01129,9712,177.4
C,0.05,1,1,matched,4,ifo003,0.26915,0.040465,0.01374,9712,177.4
C,0.05,1,1,matched,3,ifo001,0.14964,0.054159,0.01153,9712,191.1
C,0.05,1,1,matched,3,ifo002,0.25439,0.035428,0.01205,9712,191.1
C,0.05,1,1,matched,3,ifo003,0.26727,0.040664,0.01408,9712,191.1
C,0.05,1,1,0.05,0,ifo001,0.15604,0.05427,0.00962,9712,191.9
C,0.05,1,1,0.05,0,ifo002,0.25063,0.035405,0.01197,9712,191.9
C,0.05,1,1,0.05,0,ifo003,0.27002,0.040765,0.01233,9712,191.9
C,0.05,1,1,0.05,2,ifo001,0.15397,0.054223,0.01275,9712,176.1
C,0.05,1,1,0.05,2,ifo002,0.26157,0.035376,0.01179,9712,176.1
C,0.05,1,1,0.05,2,ifo003,0.26947,0.040682,0.01478,9712,176.1
C,0.05,1,1,0.05,1,ifo001,0.15055,0.054002,0.01445,9712,192.6
C,0.05,1,1,0.05,1,ifo002,0.25941,0.034639,0.01302,9712,192.6
C,0.05,1,1,0.05,1,ifo003,0.27045,0.040658,0.01358,9712,192.6
C,0.05,1,1,0.3,0,ifo001,0.13343,0.104219,0.00769,9712,124.3
C,0.05,1,1,0.3,0,ifo002,0.214,0.097942,0.01048,9712,124.3
C,0.05,1,1,0.3,0,ifo003,0.23821,0.088226,0.00905,9712,124.3
C,0.05,1,1,0.05,3,ifo001,0.14964,0.054159,0.01153,9712,188.5
C,0.05,1,1,0.05,3,ifo002,0.25439,0.035428,0.01205,9712,188.5
C,0.05,1,1,0.05,3,ifo003,0.26727,0.040664,0.01408,9712,188.5
C,0.05,1,1,0.3,1,ifo001,0.12802,0.104165,0.00771,9712,131.5
C,0.05,1,1,0.3,1,ifo002,0.21273,0.097624,0.00874,9712,131.5
C,0.05,1,1,0.3,1,ifo003,0.23058,0.08777,0.00792,9712,131.5
C,0.05,1,1,0.3,2,ifo001,0.12595,0.105172,0.00906,9712,130.0
C,0.05,1,1,0.3,2,ifo002,0.20932,0.099588,0.00836,9712,130.0
C,0.05,1,1,0.3,2,ifo003,0.22165,0.089489,0.00865,9712,130.0
C,0.05,1,1,0.05,4,ifo001,0.13603,0.053791,0.01737,9712,180.2
C,0.05,1,1,0.05,4,ifo002,0.26018,0.034973,0.01129,9712,180.2
C,0.05,1,1,0.05,4,ifo003,0.26915,0.040465,0.01374,9712,180.2
C,0.05,1,1,0.3,3,ifo001,0.13078,0.104514,0.00734,9712,133.3
C,0.05,1,1,0.3,3,ifo002,0.21505,0.098699,0.00899,9712,133.3
C,0.05,1,1,0.3,3,ifo003,0.23587,0.088778,0.00916,9712,133.3
C,0.05,1,1,0.3,4,ifo001,0.1207,0.10386,0.01087,9712,127.8
C,0.05,1,1,0.3,4,ifo002,0.22076,0.098278,0.00993,9712,127.8
C,0.05,1,1,0.3,4,ifo003,0.23121,0.087919,0.01046,9712,127.8
C,0.1,0,0,matched,0,ifo001,0.16638,0.066987,0.00898,9712,184.0
C,0.1,0,0,matched,0,ifo002,0.25734,0.052616,0.01072,9712,184.0
C,0.1,0,0,matched,0,ifo003,0.26993,0.050326,0.00968,9712,184.0
C,0.1,0,0,matched,1,ifo001,0.14954,0.064494,0.01592,9712,183.6
C,0.1,0,0,matched,1,ifo002,0.2644,0.04976,0.0129,9712,183.6
C,0.1,0,0,matched,1,ifo003,0.26844,0.049396,0.01173,9712,183.6
C,0.1,0,0,matched,2,ifo001,0.14711,0.065555,0.01431,9712,179.2
C,0.1,0,0,matched,2,ifo002,0.26503,0.051826,0.01109,9712,179.2
C,0.1,0,0,matched,2,ifo003,0.26162,0.049909,0.01375,9712,179.2
C,0.1,0,0,matched,3,ifo001,0.15739,0.065741,0.01097,9712,194.1
C,0.1,0,0,matched,3,ifo002,0.26357,0.051466,0.01043,9712,194.1
C,0.1,0,0,matched,3,ifo003,0.27188,0.049765,0.01152,9712,194.1
C,0.1,0,0,matched,4,ifo001,0.13098,0.06469,0.01783,9712,194.8
C,0.1,0,0,matched,4,ifo002,0.25726,0.050994,0.01045,9712,194.8
C,0.1,0,0,matched,4,ifo003,0.26303,0.049305,0.01206,9712,194.8
C,0.1,0,0,0.3,0,ifo001,0.1394,0.105445,0.00704,9712,124.3
C,0.1,0,0,0.3,0,ifo002,0.22317,0.098235,0.00958,9712,124.3
C,0.1,0,0,0.3,0,ifo003,0.23978,0.088183,0.00913,9712,124.3
C,0.1,0,0,0.05,0,ifo001,0.17305,0.056009,0.00838,9712,292.6
C,0.1,0,0,0.05,0,ifo002,0.26706,0.038453,0.01129,9712,292.6
C,0.1,0,0,0.05,0,ifo003,0.27712,0.041829,0.01052,9712,292.6
C,0.1,0,0,0.3,2,ifo001,0.12545,0.10526,0.00997,9712,127.5
C,0.1,0,0,0.3,2,ifo002,0.22631,0.098438,0.00834,9712,127.5
C,0.1,0,0,0.3,2,ifo003,0.22829,0.088547,0.01006,9712,127.5
C,0.1,0,0,0.05,1,ifo001,0.16393,0.055344,0.01426,9712,304.5
C,0.1,0,0,0.05,1,ifo002,0.27639,0.036294,0.0134,9712,304.5
C,0.1,0,0,0.05,1,ifo003,0.27486,0.041346,0.0125,9712,304.5
C,0.1,0,0,0.05,2,ifo001,0.16584,0.055369,0.0143,9712,292.3
C,0.1,0,0,0.05,2,ifo002,0.28865,0.036659,0.01194,9712,292.3
C,0.1,0,0,0.05,2,ifo003,0.28562,0.041382,0.01579,9712,292.3
C,0.1,0,0,0.3,1,ifo001,0.13187,0.103893,0.01022,9712,146.3
C,0.1,0,0,0.3,1,ifo002,0.22815,0.095832,0.00889,9712,146.3
C,0.1,0,0,0.3,1,ifo003,0.24131,0.086274,0.0084,9712,146.3
C,0.1,0,0,0.05,3,ifo001,0.17216,0.056014,0.01058,9712,262.7
C,0.1,0,0,0.05,3,ifo002,0.2801,0.038203,0.0107,9712,262.7
C,0.1,0,0,0.05,3,ifo003,0.28182,0.041553,0.01223,9712,262.7
C,0.1,0,0,0.05,4,ifo001,0.13887,0.054832,0.02028,9712,269.7
C,0.1,0,0,0.05,4,ifo002,0.27654,0.03644,0.01111,9712,269.7
C,0.1,0,0,0.05,4,ifo003,0.28086,0.041086,0.01372,9712,269.7
C,0.1,0,0,0.3,3,ifo001,0.13724,0.105391,0.0064,9712,158.4
C,0.1,0,0,0.3,3,ifo002,0.22376,0.097304,0.00789,9712,158.4
C,0.1,0,0,0.3,3,ifo003,0.24293,0.087574,0.00853,9712,158.4
C,0.1,0,0,0.3,4,ifo001,0.12103,0.105022,0.01163,9712,166.1
C,0.1,0,0,0.3,4,ifo002,0.22864,0.098046,0.01011,9712,166.1
C,0.1,0,0,0.3,4,ifo003,0.23973,0.088208,0.01106,9712,166.1
C,0.1,0,1,matched,0,ifo001,0.16029,0.066779,0.00953,9712,201.8
C,0.1,0,1,matched,0,ifo002,0.24996,0.052529,0.01138,9712,201.8
C,0.1,0,1,matched,0,ifo003,0.26658,0.050281,0.00954,9712,201.8
C,0.1,0,1,matched,1,ifo001,0.1436,0.064725,0.01606,9712,196.3
C,0.1,0,1,matched,1,ifo002,0.25673,0.050223,0.01334,9712,196.3
C,0.1,0,1,matched,1,ifo003,0.26253,0.049684,0.01176,9712,196.3
C,0.1,0,1,matched,3,ifo001,0.15007,0.065642,0.01185,9712,194.8
C,0.1,0,1,matched,3,ifo002,0.25932,0.051607,0.01085,9712,194.8
C,0.1,0,1,matched,3,ifo003,0.26869,0.049677,0.01214,9712,194.8
C,0.1,0,1,matched,2,ifo001,0.13978,0.065531,0.01399,9712,208.8
C,0.1,0,1,matched,2,ifo002,0.25131,0.052304,0.01067,9712,208.8
C,0.1,0,1,matched,2,ifo003,0.24962,0.0499,0.01341,9712,208.8
C,0.1,0,1,matched,4,ifo001,0.12435,0.064336,0.02018,9712,193.2
C,0.1,0,1,matched,4,ifo002,0.25453,0.050731,0.01099,9712,193.2
C,0.1,0,1,matched,4,ifo003,0.26002,0.049195,0.01205,9712,193.2
C,0.1,0,1,0.3,0,ifo001,0.13803,0.104731,0.00753,9712,133.2
C,0.1,0,1,0.3,0,ifo002,0.21781,0.098086,0.01076,9712,133.2
C,0.1,0,1,0.3,0,ifo003,0.24042,0.088204,0.00893,9712,133.2
C,0.1,0,1,0.3,1,ifo001,0.12892,0.10426,0.00894,9712,128.3
C,0.1,0,1,0.3,1,ifo002,0.21994,0.09653,0.00893,9712,128.3
C,0.1,0,1,0.3,1,ifo003,0.23384,0.086836,0.00788,9712,128.3
C,0.1,0,1,0.3,2,ifo001,0.12372,0.105958,0.00985,9712,125.8
C,0.1,0,1,0.3,2,ifo002,0.21526,0.099776,0.00793,9712,125.8
C,0.1,0,1,0.3,2,ifo003,0.21841,0.089767,0.00943,9712,125.8
C,0.1,0,1,0.05,0,ifo001,0.1651,0.055731,0.00912,9712,272.4
C,0.1,0,1,0.05,0,ifo002,0.25829,0.038107,0.01184,9712,272.4
C,0.1,0,1,0.05,0,ifo003,0.27214,0.041731,0.01035,9712,272.4
C,0.1,0,1,0.05,1,ifo001,0.15844,0.055366,0.0141,9712,271.9
C,0.1,0,1,0.05,1,ifo002,0.2691,0.036653,0.01366,9712,271.9
C,0.1,0,1,0.05,1,ifo003,0.26997,0.041505,0.01256,9712,271.9
C,0.1,0,1,0.05,2,ifo001,0.1573,0.055311,0.01399,9712,263.0
C,0.1,0,1,0.05,2,ifo002,0.27464,0.03706,0.01148,9712,263.0
C,0.1,0,1,0.05,2,ifo003,0.27378,0.041382,0.01535,9712,263.0
C,0.1,0,1,0.05,3,ifo001,0.16159,0.055854,0.01215,9712,273.2
C,0.1,0,1,0.05,3,ifo002,0.27517,0.038236,0.01122,9712,273.2
C,0.1,0,1,0.05,3,ifo003,0.27665,0.041579,0.01306,9712,273.2
C,0.1,0,1,0.3,3,ifo001,0.13449,0.105077,0.0065,9712,144.9
C,0.1,0,1,0.3,3,ifo002,0.22033,0.098091,0.0084,9712,144.9
C,0.1,0,1,0.3,3,ifo003,0.24053,0.088435,0.00901,9712,144.9
C,0.1,0,1,0.3,4,ifo001,0.11688,0.104232,0.01325,9712,141.5
C,0.1,0,1,0.3,4,ifo002,0.22954,0.09829,0.01107,9712,141.5
C,0.1,0,1,0.3,4,ifo003,0.23504,0.087775,0.01182,9712,141.5
C,0.1,0,1,0.05,4,ifo001,0.13055,0.054547,0.02397,9712,302.3
C,0.1,0,1,0.05,4,ifo002,0.27413,0.036188,0.01148,9712,302.3
C,0.1,0,1,0.05,4,ifo003,0.27852,0.041025,0.01346,9712,302.3
C,0.1,1,0,matched,0,ifo001,0.16307,0.066875,0.00906,9712,196.7
C,0.1,1,0,matched,0,ifo002,0.25279,0.052615,0.01091,9712,196.7
C,0.1,1,0,matched,0,ifo003,0.26698,0.050274,0.00958,9712,196.7
C,0.1,1,0,matched,1,ifo001,0.14638,0.064438,0.01607,9712,205.7
C,0.1,1,0,matched,1,ifo002,0.26013,0.049765,0.01317,9712,205.7
C,0.1,1,0,matched,1,ifo003,0.26562,0.049372,0.01171,9712,205.7
C,0.1,1,0,matched,2,ifo001,0.14363,0.065371,0.01427,9712,190.5
C,0.1,1,0,matched,2,ifo002,0.26062,0.051799,0.01116,9712,190.5
C,0.1,1,0,matched,2,ifo003,0.25837,0.049813,0.01361,9712,190.5
C,0.1,1,0,matched,3,ifo001,0.15416,0.06555,0.01094,9712,183.1
C,0.1,1,0,matched,3,ifo002,0.25907,0.05151,0.0105,9712,183.1
C,0.1,1,0,matched,3,ifo003,0.26874,0.049662,0.0114,9712,183.1
C,0.1,1,0,matched,4,ifo001,0.12772,0.064535,0.01781,9712,188.2
C,0.1,1,0,matched,4,ifo002,0.25284,0.050983,0.01049,9712,188.2
C,0.1,1,0,matched,4,ifo003,0.25991,0.04924,0.0119,9712,188.2
C,0.1,1,0,0.3,1,ifo001,0.13124,0.103879,0.01004,9712,130.4
C,0.1,1,0,0.3,1,ifo002,0.22594,0.09591,0.00898,9712,130.4
C,0.1,1,0,0.3,1,ifo003,0.23972,0.086415,0.00827,9712,130.4
C,0.1,1,0,0.3,0,ifo001,0.13875,0.105327,0.00692,9712,140.5
C,0.1,1,0,0.3,0,ifo002,0.22114,0.098302,0.00967,9712,140.5
C,0.1,1,0,0.3,0,ifo003,0.23831,0.08831,0.00898,9712,140.5
C,0.1,1,0,0.05,0,ifo001,0.16836,0.055863,0.0085,9712,293.5
C,0.1,1,0,0.05,0,ifo002,0.26152,0.038406,0.01151,9712,293.5
C,0.1,1,0,0.05,0,ifo003,0.27344,0.041817,0.01048,9712,293.5
C,0.1,1,0,0.05,2,ifo001,0.16113,0.055191,0.01434,9712,287.1
C,0.1,1,0,0.05,2,ifo002,0.28306,0.036617,0.01203,9712,287.1
C,0.1,1,0,0.05,2,ifo003,0.28163,0.041317,0.01572,9712,287.1
C,0.1,1,0,0.05,1,ifo001,0.15932,0.055189,0.01457,9712,304.4
C,0.1,1,0,0.05,1,ifo002,0.27138,0.036255,0.01373,9712,304.4
C,0.1,1,0,0.05,1,ifo003,0.27146,0.041323,0.01256,9712,304.4
C,0.1,1,0,0.3,2,ifo001,0.12468,0.10519,0.00972,9712,134.1
C,0.1,1,0,0.3,2,ifo002,0.22417,0.098504,0.00837,9712,134.1
C,0.1,1,0,0.3,2,ifo003,0.22659,0.088691,0.00987,9712,134.1
C,0.1,1,0,0.05,3,ifo001,0.16752,0.055886,0.01071,9712,265.2
C,0.1,1,0,0.05,3,ifo002,0.2747,0.038175,0.0108,9712,265.2
C,0.1,1,0,0.05,3,ifo003,0.27798,0.041507,0.01217,9712,265.2
C,0.1,1,0,0.3,4,ifo001,0.12031,0.104895,0.01139,9712,140.4
C,0.1,1,0,0.3,4,ifo002,0.22655,0.098124,0.01016,9712,140.4
C,0.1,1,0,0.3,4,ifo003,0.23808,0.088352,0.01089,9712,140.4
C,0.1,1,0,0.3,3,ifo001,0.13658,0.105288,0.00622,9712,145.7
C,0.1,1,0,0.3,3,ifo002,0.22172,0.097447,0.00793,9712,145.7
C,0.1,1,0,0.3,3,ifo003,0.24135,0.087681,0.00836,9712,145.7
C,0.1,1,0,0.05,4,ifo001,0.13506,0.054671,0.02032,9712,294.8
C,0.1,1,0,0.05,4,ifo002,0.27132,0.036422,0.01117,9712,294.8
C,0.1,1,0,0.05,4,ifo003,0.27735,0.041057,0.01362,9712,294.8
C,0.1,1,1,matched,0,ifo001,0.1571,0.066672,0.00968,9712,189.6
C,0.1,1,1,matched,0,ifo002,0.24559,0.052535,0.01163,9712,189.6
C,0.1,1,1,matched,0,ifo003,0.26377,0.050217,0.00946,9712,189.6
C,0.1,1,1,matched,1,ifo001,0.14064,0.064492,0.01623,9712,188.3
C,0.1,1,1,matched,1,ifo002,0.25264,0.050228,0.01367,9712,188.3
C,0.1,1,1,matched,1,ifo003,0.25983,0.049621,0.01178,9712,188.3
C,0.1,1,1,matched,2,ifo001,0.13659,0.065379,0.01394,9712,198.9
C,0.1,1,1,matched,2,ifo002,0.2472,0.052276,0.01074,9712,198.9
C,0.1,1,1,matched,2,ifo003,0.24656,0.049848,0.01328,9712,198.9
C,0.1,1,1,matched,3,ifo001,0.14715,0.065567,0.01184,9712,200.1
C,0.1,1,1,matched,3,ifo002,0.25512,0.051608,0.01094,9712,200.1
C,0.1,1,1,matched,3,ifo003,0.26574,0.049582,0.01202,9712,200.1
C,0.1,1,1,matched,4,ifo001,0.12136,0.064071,0.02016,9712,207.1
C,0.1,1,1,matched,4,ifo002,0.25035,0.05072,0.01106,9712,207.1
C,0.1,1,1,matched,4,ifo003,0.25693,0.049119,0.0119,9712,207.1
C,0.1,1,1,0.05,0,ifo001,0.16059,0.055542,0.0093,9712,239.8
C,0.1,1,1,0.05,0,ifo002,0.25304,0.03809,0.0121,9712,239.8
C,0.1,1,1,0.05,0,ifo003,0.26865,0.041718,0.01033,9712,239.8
C,0.1,1,1,0.3,0,ifo001,0.13752,0.104695,0.00747,9712,124.9
C,0.1,1,1,0.3,0,ifo002,0.21599,0.098278,0.0109,9712,124.9
C,0.1,1,1,0.3,0,ifo003,0.23907,0.088356,0.00881,9712,124.9
C,0.1,1,1,0.05,2,ifo001,0.15292,0.055168,0.01402,9712,259.8
C,0.1,1,1,0.05,2,ifo002,0.26948,0.037,0.01157,9712,259.8
C,0.1,1,1,0.05,2,ifo003,0.27003,0.041342,0.01527,9712,259.8
C,0.1,1,1,0.3,1,ifo001,0.1284,0.104174,0.00881,9712,131.7
C,0.1,1,1,0.3,1,ifo002,0.21789,0.096628,0.00905,9712,131.7
C,0.1,1,1,0.3,1,ifo003,0.23226,0.086936,0.00782,9712,131.7
C,0.1,1,1,0.05,1,ifo001,0.15393,0.055219,0.01444,9712,286.8
C,0.1,1,1,0.05,1,ifo002,0.26416,0.036602,0.01402,9712,286.8
C,0.1,1,1,0.05,1,ifo003,0.26661,0.041481,0.01266,9712,286.8
C,0.1,1,1,0.3,2,ifo001,0.12321,0.105901,0.00968,9712,136.1
C,0.1,1,1,0.3,2,ifo002,0.21341,0.099936,0.00797,9712,136.1
C,0.1,1,1,0.3,2,ifo003,0.2169,0.089904,0.00927,9712,136.1
C,0.1,1,1,0.05,3,ifo001,0.15731,0.055701,0.01233,9712,234.4
C,0.1,1,1,0.05,3,ifo002,0.27018,0.03823,0.01134,9712,234.4
C,0.1,1,1,0.05,3,ifo003,0.27311,0.041608,0.013,9712,234.4
C,0.1,1,1,0.3,3,ifo001,0.13403,0.105109,0.00633,9712,141.0
C,0.1,1,1,0.3,3,ifo002,0.21845,0.098236,0.00845,9712,141.0
C,0.1,1,1,0.3,3,ifo003,0.239,0.088512,0.00888,9712,141.0
C,0.1,1,1,0.3,4,ifo001,0.11633,0.104208,0.01301,9712,137.7
C,0.1,1,1,0.3,4,ifo002,0.22772,0.098401,0.01117,9712,137.7
C,0.1,1,1,0.3,4,ifo003,0.23331,0.087946,0.01168,9712,137.7
C,0.1,1,1,0.05,4,ifo001,0.12709,0.054384,0.02404,9712,284.3
C,0.1,1,1,0.05,4,ifo002,0.26924,0.036169,0.01155,9712,284.3
C,0.1,1,1,0.05,4,ifo003,0.27513,0.040996,0.01335,9712,284.3
C,0.15,0,0,matched,0,ifo001,0.16326,0.079627,0.00847,9712,172.5
C,0.15,0,0,matched,0,ifo002,0.25002,0.066527,0.01088,9712,172.5
C,0.15,0,0,matched,0,ifo003,0.263,0.058153,0.00884,9712,172.5
C,0.15,0,0,matched,1,ifo001,0.14196,0.075688,0.01487,9712,191.1
C,0.15,0,0,matched,1,ifo002,0.25437,0.062809,0.01285,9712,191.1
C,0.15,0,0,matched,1,ifo003,0.25726,0.056147,0.01063,9712,191.1
C,0.15,0,0,matched,2,ifo001,0.13434,0.077132,0.01363,9712,190.5
C,0.15,0,0,matched,2,ifo002,0.25343,0.065803,0.01014,9712,190.5
C,0.15,0,0,matched,2,ifo003,0.2435,0.057947,0.01282,9712,190.5
C,0.15,0,0,matched,3,ifo001,0.154,0.077685,0.009,9712,172.9
C,0.15,0,0,matched,3,ifo002,0.25506,0.064715,0.0089,9712,172.9
C,0.15,0,0,matched,3,ifo003,0.26462,0.058014,0.00958,9712,172.9
C,0.15,0,0,matched,4,ifo001,0.12109,0.076618,0.01708,9712,186.2
C,0.15,0,0,matched,4,ifo002,0.24754,0.064795,0.01018,9712,186.2
C,0.15,0,0,matched,4,ifo003,0.25207,0.057544,0.01135,9712,186.2
C,0.15,0,0,0.3,1,ifo001,0.13159,0.103893,0.01099,9712,131.5
C,0.15,0,0,0.3,1,ifo002,0.23145,0.094975,0.0093,9712,131.5
C,0.15,0,0,0.3,1,ifo003,0.24193,0.085869,0.00812,9712,131.5
C,0.15,0,0,0.3,0,ifo001,0.14368,0.106352,0.00686,9712,138.6
C,0.15,0,0,0.3,0,ifo002,0.2258,0.09906,0.01013,9712,138.6
C,0.15,0,0,0.3,0,ifo003,0.24242,0.088842,0.0091,9712,138.6
C,0.15,0,0,0.3,2,ifo001,0.12318,0.105575,0.01063,9712,127.5
C,0.15,0,0,0.3,2,ifo002,0.23005,0.098656,0.00819,9712,127.5
C,0.15,0,0,0.3,2,ifo003,0.22372,0.089063,0.01049,9712,127.5
C,0.15,0,0,0.05,1,ifo001,0.16688,0.056352,0.01454,9712,282.3
C,0.15,0,0,0.05,1,ifo002,0.28323,0.037554,0.0145,9712,282.3
C,0.15,0,0,0.05,1,ifo003,0.27756,0.042345,0.01215,9712,282.3
C,0.15,0,0,0.05,0,ifo001,0.18109,0.058327,0.00903,9712,302.7
C,0.15,0,0,0.05,0,ifo002,0.27569,0.04121,0.01258,9712,302.7
C,0.15,0,0,0.05,0,ifo003,0.28443,0.043474,0.01005,9712,302.7
C,0.15,0,0,0.05,2,ifo001,0.16372,0.056313,0.01418,9712,304.8
C,0.15,0,0,0.05,2,ifo002,0.28976,0.038701,0.01174,9712,304.8
C,0.15,0,0,0.05,2,ifo003,0.28199,0.042115,0.01626,9712,304.8
C,0.15,0,0,0.05,3,ifo001,0.18473,0.057635,0.00998,9712,273.4
C,0.15,0,0,0.05,3,ifo002,0.29679,0.03988,0.00972,9712,273.4
C,0.15,0,0,0.05,3,ifo003,0.2915,0.04295,0.01111,9712,273.4
C,0.15,0,0,0.3,3,ifo001,0.14068,0.10614,0.00544,9712,118.0
C,0.15,0,0,0.3,3,ifo002,0.22646,0.097289,0.00731,9712,118.0
C,0.15,0,0,0.3,3,ifo003,0.24498,0.08759,0.00782,9712,118.0
C,0.15,0,0,0.3,4,ifo001,0.1174,0.105706,0.01311,9712,128.2
C,0.15,0,0,0.3,4,ifo002,0.23397,0.098389,0.01055,9712,128.2
C,0.15,0,0,0.3,4,ifo003,0.24133,0.088694,0.01173,9712,128.2
C,0.15,0,0,0.05,4,ifo001,0.13577,0.055365,0.02127,9712,313.7
C,0.15,0,0,0.05,4,ifo002,0.27905,0.0372,0.01102,9712,313.7
C,0.15,0,0,0.05,4,ifo003,0.28238,0.04162,0.01331,9712,313.7
C,0.15,0,1,matched,0,ifo001,0.15745,0.07902,0.00945,9712,206.2
C,0.15,0,1,matched,0,ifo002,0.24117,0.066358,0.01206,9712,206.2
C,0.15,0,1,matched,0,ifo003,0.25943,0.058064,0.00852,9712,206.2
C,0.15,0,1,matched,3,ifo001,0.14727,0.07748,0.00964,9712,165.3
C,0.15,0,1,matched,3,ifo002,0.25085,0.06502,0.00937,9712,165.3
C,0.15,0,1,matched,3,ifo003,0.26157,0.058149,0.01028,9712,165.3
C,0.15,0,1,matched,1,ifo001,0.13722,0.076202,0.01456,9712,201.0
C,0.15,0,1,matched,1,ifo002,0.24538,0.063537,0.0138,9712,201.0
C,0.15,0,1,matched,1,ifo003,0.24952,0.056503,0.01098,9712,201.0
C,0.15,0,1,matched,2,ifo001,0.12776,0.07742,0.0131,9712,197.9
C,0.15,0,1,matched,2,ifo002,0.23766,0.06665,0.00963,9712,197.9
C,0.15,0,1,matched,2,ifo003,0.22994,0.058448,0.01252,9712,197.9
C,0.15,0,1,matched,4,ifo001,0.11514,0.076023,0.02022,9712,172.4
C,0.15,0,1,matched,4,ifo002,0.24718,0.064581,0.01159,9712,172.4
C,0.15,0,1,matched,4,ifo003,0.24886,0.057181,0.01167,9712,172.4
C,0.15,0,1,0.3,0,ifo001,0.14225,0.105679,0.0077,9712,128.3
C,0.15,0,1,0.3,0,ifo002,0.21981,0.098853,0.01156,9712,128.3
C,0.15,0,1,0.3,0,ifo003,0.24271,0.088683,0.00881,9712,128.3
C,0.15,0,1,0.3,1,ifo001,0.12876,0.10408,0.00985,9712,132.8
C,0.15,0,1,0.3,1,ifo002,0.22324,0.095759,0.00974,9712,132.8
C,0.15,0,1,0.3,1,ifo003,0.23402,0.086707,0.00802,9712,132.8
C,0.15,0,1,0.3,2,ifo001,0.12144,0.106336,0.01027,9712,133.6
C,0.15,0,1,0.3,2,ifo002,0.21807,0.10043,0.00776,9712,133.6
C,0.15,0,1,0.3,2,ifo003,0.21292,0.090423,0.01,9712,133.6
C,0.15,0,1,0.05,0,ifo001,0.17083,0.057801,0.01046,9712,306.2
C,0.15,0,1,0.05,0,ifo002,0.26418,0.040808,0.01368,9712,306.2
C,0.15,0,1,0.05,0,ifo003,0.27816,0.043091,0.0099,9712,306.2
C,0.15,0,1,0.05,2,ifo001,0.15123,0.056194,0.01378,9712,276.4
C,0.15,0,1,0.05,2,ifo002,0.26989,0.039326,0.01116,9712,276.4
C,0.15,0,1,0.05,2,ifo003,0.26523,0.042103,0.01595,9712,276.4
C,0.15,0,1,0.05,1,ifo001,0.16165,0.05639,0.01428,9712,308.2
C,0.15,0,1,0.05,1,ifo002,0.27536,0.038116,0.01522,9712,308.2
C,0.15,0,1,0.05,1,ifo003,0.27135,0.042518,0.01264,9712,308.2
C,0.15,0,1,0.3,4,ifo001,0.11333,0.104967,0.01535,9712,121.7
C,0.15,0,1,0.3,4,ifo002,0.23594,0.098356,0.01222,9712,121.7
C,0.15,0,1,0.3,4,ifo003,0.2368,0.088225,0.01277,9712,121.7
C,0.15,0,1,0.3,3,ifo001,0.13769,0.105649,0.0055,9712,128.5
C,0.15,0,1,0.3,3,ifo002,0.22351,0.097995,0.00784,9712,128.5
C,0.15,0,1,0.3,3,ifo003,0.24301,0.088503,0.00849,9712,128.5
C,0.15,0,1,0.05,3,ifo001,0.17191,0.057598,0.01209,9712,288.0
C,0.15,0,1,0.05,3,ifo002,0.29152,0.040018,0.01054,9712,288.0
C,0.15,0,1,0.05,3,ifo003,0.28531,0.043027,0.01234,9712,288.0
C,0.15,0,1,0.05,4,ifo001,0.12655,0.055036,0.02719,9712,279.0
C,0.15,0,1,0.05,4,ifo002,0.27997,0.036881,0.01221,9712,279.0
C,0.15,0,1,0.05,4,ifo003,0.28104,0.041531,0.01321,9712,279.0
C,0.15,1,0,matched,0,ifo001,0.16134,0.079497,0.00857,9712,171.8
C,0.15,1,0,matched,0,ifo002,0.24656,0.066563,0.01112,9712,171.8
C,0.15,1,0,matched,0,ifo003,0.26087,0.058208,0.00872,9712,171.8
C,0.15,1,0,matched,1,ifo001,0.14016,0.075679,0.01486,9712,169.7
C,0.15,1,0,matched,1,ifo002,0.25087,0.062786,0.01317,9712,169.7
C,0.15,1,0,matched,1,ifo003,0.25494,0.056117,0.01065,9712,169.7
C,0.15,1,0,matched,2,ifo001,0.13207,0.077052,0.01347,9712,173.0
C,0.15,1,0,matched,2,ifo002,0.24998,0.065836,0.01021,9712,173.0
C,0.15,1,0,matched,2,ifo003,0.24086,0.057982,0.01264,9712,173.0
C,0.15,1,0,matched,3,ifo001,0.15206,0.077525,0.00888,9712,174.5
C,0.15,1,0,matched,3,ifo002,0.25158,0.06478,0.00895,9712,174.5
C,0.15,1,0,matched,3,ifo003,0.26219,0.058038,0.00942,9712,174.5
C,0.15,1,0,matched,4,ifo001,0.11908,0.076478,0.01691,9712,168.6
C,0.15,1,0,matched,4,ifo002,0.24403,0.064815,0.01024,9712,168.6
C,0.15,1,0,matched,4,ifo003,0.24947,0.057572,0.01116,9712,168.6
C,0.15,1,0,0.3,1,ifo001,0.13107,0.103889,0.01081,9712,116.1
C,0.15,1,0,0.3,1,ifo002,0.22924,0.095073,0.00943,9712,116.1
C,0.15,1,0,0.3,1,ifo003,0.24038,0.085948,0.00803,9712,116.1
C,0.15,1,0,0.3,0,ifo001,0.14309,0.106277,0.00679,9712,121.6
C,0.15,1,0,0.3,0,ifo002,0.22379,0.099095,0.01025,9712,121.6
C,0.15,1,0,0.3,0,ifo003,0.24103,0.08897,0.00896,9712,121.6
C,0.15,1,0,0.05,0,ifo001,0.17701,0.058233,0.00929,9712,268.9
C,0.15,1,0,0.05,0,ifo002,0.27058,0.041218,0.01291,9712,268.9
C,0.15,1,0,0.05,0,ifo003,0.2811,0.043463,0.01,9712,268.9
C,0.15,1,0,0.05,2,ifo001,0.15969,0.056167,0.01419,9712,267.2
C,0.15,1,0,0.05,2,ifo002,0.28494,0.038643,0.01186,9712,267.2
C,0.15,1,0,0.05,2,ifo003,0.27845,0.042053,0.01618,9712,267.2
C,0.15,1,0,0.3,2,ifo001,0.12245,0.105586,0.01036,9712,121.0
C,0.15,1,0,0.3,2,ifo002,0.22795,0.098751,0.00825,9712,121.0
C,0.15,1,0,0.3,2,ifo003,0.22202,0.089196,0.0103,9712,121.0
C,0.15,1,0,0.05,1,ifo001,0.16272,0.056195,0.01485,9712,274.7
C,0.15,1,0,0.05,1,ifo002,0.27849,0.037591,0.01493,9712,274.7
C,0.15,1,0,0.05,1,ifo003,0.2743,0.042319,0.01226,9712,274.7
C,0.15,1,0,0.05,3,ifo001,0.18063,0.057479,0.01011,9712,270.8
C,0.15,1,0,0.05,3,ifo002,0.29185,0.039862,0.00983,9712,270.8
C,0.15,1,0,0.05,3,ifo003,0.28807,0.042969,0.01105,9712,270.8
C,0.15,1,0,0.3,3,ifo001,0.14007,0.106023,0.00526,9712,123.3
C,0.15,1,0,0.3,3,ifo002,0.22443,0.09736,0.00733,9712,123.3
C,0.15,1,0,0.3,3,ifo003,0.24342,0.087717,0.00766,9712,123.3
C,0.15,1,0,0.3,4,ifo001,0.11669,0.105669,0.01287,9712,121.2
C,0.15,1,0,0.3,4,ifo002,0.23191,0.098535,0.01064,9712,121.2
C,0.15,1,0,0.3,4,ifo003,0.23964,0.088795,0.01157,9712,121.2
C,0.15,1,0,0.05,4,ifo001,0.13269,0.055238,0.02127,9712,276.1
C,0.15,1,0,0.05,4,ifo002,0.27418,0.037185,0.01109,9712,276.1
C,0.15,1,0,0.05,4,ifo003,0.27903,0.041612,0.01317,9712,276.1
C,0.15,1,1,matched,0,ifo001,0.15566,0.078969,0.00965,9712,176.8
C,0.15,1,1,matched,0,ifo002,0.23789,0.066333,0.01241,9712,176.8
C,0.15,1,1,matched,0,ifo003,0.25746,0.058161,0.00843,9712,176.8
C,0.15,1,1,matched,3,ifo001,0.14575,0.077399,0.0096,9712,163.0
C,0.15,1,1,matched,3,ifo002,0.24781,0.064953,0.00948,9712,163.0
C,0.15,1,1,matched,3,ifo003,0.25951,0.058201,0.01015,9712,163.0
C,0.15,1,1,matched,2,ifo001,0.1258,0.077246,0.01295,9712,165.6
C,0.15,1,1,matched,2,ifo002,0.23453,0.066666,0.00967,9712,165.6
C,0.15,1,1,matched,2,ifo003,0.22749,0.058483,0.01235,9712,165.6
C,0.15,1,1,matched,1,ifo001,0.13562,0.076078,0.01459,9712,176.5
C,0.15,1,1,matched,1,ifo002,0.24205,0.063597,0.01422,9712,176.5
C,0.15,1,1,matched,1,ifo003,0.2473,0.056554,0.0111,9712,176.5
C,0.15,1,1,matched,4,ifo001,0.11338,0.07594,0.02008,9712,168.2
C,0.15,1,1,matched,4,ifo002,0.24395,0.06458,0.01173,9712,168.2
C,0.15,1,1,matched,4,ifo003,0.24618,0.057252,0.0115,9712,168.2
C,0.15,1,1,0.3,0,ifo001,0.14179,0.105571,0.0077,9712,118.0
C,0.15,1,1,0.3,0,ifo002,0.218,0.098926,0.01175,9712,118.0
C,0.15,1,1,0.3,0,ifo003,0.24144,0.08881,0.00871,9712,118.0
C,0.15,1,1,0.3,1,ifo001,0.12838,0.103995,0.00972,9712,115.5
C,0.15,1,1,0.3,1,ifo002,0.2212,0.095873,0.00992,9712,115.5
C,0.15,1,1,0.3,1,ifo003,0.23249,0.086771,0.00803,9712,115.5
C,0.15,1,1,0.05,0,ifo001,0.16696,0.057707,0.01084,9712,267.5
C,0.15,1,1,0.05,0,ifo002,0.25934,0.040793,0.01411,9712,267.5
C,0.15,1,1,0.05,0,ifo003,0.27506,0.043113,0.00987,9712,267.5
C,0.15,1,1,0.05,1,ifo001,0.15769,0.056252,0.01462,9712,269.6
C,0.15,1,1,0.05,1,ifo002,0.27086,0.038129,0.01571,9712,269.6
C,0.15,1,1,0.05,1,ifo003,0.26821,0.042516,0.01283,9712,269.6
C,0.15,1,1,0.3,2,ifo001,0.12096,0.106285,0.01007,9712,117.3
C,0.15,1,1,0.3,2,ifo002,0.21625,0.100552,0.0078,9712,117.3
C,0.15,1,1,0.3,2,ifo003,0.2114,0.090597,0.00984,9712,117.3
C,0.15,1,1,0.05,2,ifo001,0.14744,0.056089,0.01378,9712,272.4
C,0.15,1,1,0.05,2,ifo002,0.26543,0.039278,0.01126,9712,272.4
C,0.15,1,1,0.05,2,ifo003,0.26176,0.042063,0.01586,9712,272.4
C,0.15,1,1,0.3,3,ifo001,0.13726,0.105594,0.00533,9712,118.2
C,0.15,1,1,0.3,3,ifo002,0.22165,0.098112,0.00788,9712,118.2
C,0.15,1,1,0.3,3,ifo003,0.24151,0.088657,0.00836,9712,118.2
C,0.15,1,1,0.3,4,ifo001,0.11281,0.104964,0.01512,9712,121.3
C,0.15,1,1,0.3,4,ifo002,0.23416,0.098395,0.01242,9712,121.3
C,0.15,1,1,0.3,4,ifo003,0.235,0.088342,0.01265,9712,121.3
C,0.15,1,1,0.05,3,ifo001,0.16827,0.057485,0.01231,9712,271.9
C,0.15,1,1,0.05,3,ifo002,0.2871,0.039994,0.01069,9712,271.9
C,0.15,1,1,0.05,3,ifo003,0.28228,0.043013,0.01228,9712,271.9
C,0.15,1,1,0.05,4,ifo001,0.1239,0.054917,0.02724,9712,274.1
C,0.15,1,1,0.05,4,ifo002,0.27542,0.036859,0.01233,9712,274.1
C,0.15,1,1,0.05,4,ifo003,0.27776,0.041537,0.01305,9712,274.1
C,0.22,0,0,matched,0,ifo001,0.15657,0.095371,0.00815,9712,139.8
C,0.22,0,0,matched,0,ifo002,0.23962,0.084166,0.01138,9712,139.8
C,0.22,0,0,matched,0,ifo003,0.25391,0.075032,0.00859,9712,139.8
C,0.22,0,0,matched,1,ifo001,0.13598,0.090697,0.01247,9712,148.7
C,0.22,0,0,matched,1,ifo002,0.24312,0.077713,0.01266,9712,148.7
C,0.22,0,0,matched,1,ifo003,0.24407,0.070413,0.0101,9712,148.7
C,0.22,0,0,matched,2,ifo001,0.12417,0.092845,0.01209,9712,143.0
C,0.22,0,0,matched,2,ifo002,0.24318,0.083477,0.00907,9712,143.0
C,0.22,0,0,matched,2,ifo003,0.2249,0.073751,0.01225,9712,143.0
C,0.22,0,0,matched,3,ifo001,0.15206,0.093919,0.00622,9712,142.3
C,0.22,0,0,matched,3,ifo002,0.24576,0.08147,0.00725,9712,142.3
C,0.22,0,0,matched,3,ifo003,0.25683,0.073149,0.00767,9712,142.3
C,0.22,0,0,matched,4,ifo001,0.11424,0.09225,0.01605,9712,145.2
C,0.22,0,0,matched,4,ifo002,0.24329,0.081421,0.01071,9712,145.2
C,0.22,0,0,matched,4,ifo003,0.24345,0.073269,0.01157,9712,145.2
C,0.22,0,0,0.3,0,ifo001,0.14827,0.10821,0.00739,9712,138.5
C,0.22,0,0,0.3,0,ifo002,0.22922,0.10062,0.01125,9712,138.5
C,0.22,0,0,0.3,0,ifo003,0.2458,0.090697,0.00899,9712,138.5
C,0.22,0,0,0.3,1,ifo001,0.13135,0.10419,0.01128,9712,140.1
C,0.22,0,0,0.3,1,ifo002,0.23462,0.094784,0.01097,9712,140.1
C,0.22,0,0,0.3,1,ifo003,0.23938,0.086033,0.00893,9712,140.1
C,0.22,0,0,0.3,2,ifo001,0.12131,0.106912,0.01057,9712,138.8
C,0.22,0,0,0.3,2,ifo002,0.23312,0.099964,0.00797,9712,138.8
C,0.22,0,0,0.3,2,ifo003,0.2165,0.090192,0.01105,9712,138.8
C,0.22,0,0,0.05,0,ifo001,0.19382,0.061703,0.01066,9712,286.8
C,0.22,0,0,0.05,0,ifo002,0.28983,0.044567,0.01496,9712,286.8
C,0.22,0,0,0.05,0,ifo003,0.29866,0.04581,0.00965,9712,286.8
C,0.22,0,0,0.3,3,ifo001,0.14607,0.107936,0.00455,9712,115.4
C,0.22,0,0,0.3,3,ifo002,0.23272,0.097852,0.00677,9712,115.4
C,0.22,0,0,0.3,3,ifo003,0.24792,0.088583,0.00704,9712,115.4
C,0.22,0,0,0.05,1,ifo001,0.16633,0.057414,0.01567,9712,292.5
C,0.22,0,0,0.05,1,ifo002,0.28967,0.038748,0.01638,9712,292.5
C,0.22,0,0,0.05,1,ifo003,0.27974,0.043383,0.01312,9712,292.5
C,0.22,0,0,0.05,2,ifo001,0.15934,0.057716,0.01453,9712,290.2
C,0.22,0,0,0.05,2,ifo002,0.28959,0.041064,0.01136,9712,290.2
C,0.22,0,0,0.05,2,ifo003,0.27251,0.043274,0.01651,9712,290.2
C,0.22,0,0,0.05,3,ifo001,0.19521,0.06026,0.00838,9712,296.7
C,0.22,0,0,0.05,3,ifo002,0.3055,0.041681,0.00834,9712,296.7
C,0.22,0,0,0.05,3,ifo003,0.29523,0.043955,0.0097,9712,296.7
C,0.22,0,0,0.3,4,ifo001,0.11435,0.106517,0.01407,9712,140.9
C,0.22,0,0,0.3,4,ifo002,0.23865,0.099146,0.01098,9712,140.9
C,0.22,0,0,0.3,4,ifo003,0.24075,0.089672,0.01208,9712,140.9
C,0.22,0,0,0.05,4,ifo001,0.13313,0.055902,0.02352,9712,295.1
C,0.22,0,0,0.05,4,ifo002,0.2825,0.038195,0.01094,9712,295.1
C,0.22,0,0,0.05,4,ifo003,0.28396,0.042585,0.01294,9712,295.1
C,0.22,0,1,matched,0,ifo001,0.15228,0.094512,0.00986,9712,143.5
C,0.22,0,1,matched,0,ifo002,0.23051,0.083617,0.01341,9712,143.5
C,0.22,0,1,matched,0,ifo003,0.25146,0.074726,0.00815,9712,143.5
C,0.22,0,1,matched,1,ifo001,0.13305,0.090945,0.01168,9712,142.6
C,0.22,0,1,matched,1,ifo002,0.23357,0.078572,0.01423,9712,142.6
C,0.22,0,1,matched,1,ifo003,0.23505,0.070997,0.01121,9712,142.6
C,0.22,0,1,matched,2,ifo001,0.12022,0.093393,0.01136,9712,139.0
C,0.22,0,1,matched,2,ifo002,0.22739,0.084479,0.00851,9712,139.0
C,0.22,0,1,matched,2,ifo003,0.21113,0.075069,0.0121,9712,139.0
C,0.22,0,1,matched,3,ifo001,0.14688,0.093626,0.00646,9712,146.3
C,0.22,0,1,matched,3,ifo002,0.24235,0.082098,0.00777,9712,146.3
C,0.22,0,1,matched,3,ifo003,0.25485,0.073833,0.00856,9712,146.3
C,0.22,0,1,matched,4,ifo001,0.10943,0.091467,0.02037,9712,171.4
C,0.22,0,1,matched,4,ifo002,0.24636,0.080813,0.01389,9712,171.4
C,0.22,0,1,matched,4,ifo003,0.23982,0.072409,0.01264,9712,171.4
C,0.22,0,1,0.3,0,ifo001,0.14649,0.107008,0.00897,9712,148.9
C,0.22,0,1,0.3,0,ifo002,0.22154,0.099993,0.01331,9712,148.9
C,0.22,0,1,0.3,0,ifo003,0.24547,0.090362,0.00858,9712,148.9
C,0.22,0,1,0.3,1,ifo001,0.12902,0.104555,0.01023,9712,142.7
C,0.22,0,1,0.3,1,ifo002,0.22592,0.095537,0.01219,9712,142.7
C,0.22,0,1,0.3,1,ifo003,0.23057,0.086801,0.00975,9712,142.7
C,0.22,0,1,0.05,0,ifo001,0.18034,0.060377,0.0134,9712,294.8
C,0.22,0,1,0.05,0,ifo002,0.27424,0.04371,0.01761,9712,294.8
C,0.22,0,1,0.05,0,ifo003,0.29047,0.045299,0.00961,9712,294.8
C,0.22,0,1,0.3,2,ifo001,0.11974,0.10711,0.01012,9712,144.5
C,0.22,0,1,0.3,2,ifo002,0.22007,0.101681,0.00751,9712,144.5
C,0.22,0,1,0.3,2,ifo003,0.20437,0.091728,0.01079,9712,144.5
C,0.22,0,1,0.05,1,ifo001,0.16573,0.057825,0.01496,9712,299.8
C,0.22,0,1,0.05,1,ifo002,0.28441,0.039457,0.01761,9712,299.8
C,0.22,0,1,0.05,1,ifo003,0.27404,0.04363,0.01425,9712,299.8
C,0.22,0,1,0.05,2,ifo001,0.14329,0.057781,0.01412,9712,300.6
C,0.22,0,1,0.05,2,ifo002,0.26406,0.041938,0.0106,9712,300.6
C,0.22,0,1,0.05,2,ifo003,0.25028,0.043395,0.0167,9712,300.6
C,0.22,0,1,0.3,3,ifo001,0.14232,0.107547,0.00453,9712,126.4
C,0.22,0,1,0.3,3,ifo002,0.2299,0.098951,0.00719,9712,126.4
C,0.22,0,1,0.3,3,ifo003,0.24632,0.089335,0.00795,9712,126.4
C,0.22,0,1,0.05,3,ifo001,0.18161,0.059909,0.01082,9712,314.0
C,0.22,0,1,0.05,3,ifo002,0.29897,0.041802,0.00943,9712,314.0
C,0.22,0,1,0.05,3,ifo003,0.28817,0.043952,0.01111,9712,314.0
C,0.22,0,1,0.05,4,ifo001,0.1248,0.055464,0.03277,9712,314.1
C,0.22,0,1,0.05,4,ifo002,0.28786,0.037666,0.01404,9712,314.1
C,0.22,0,1,0.05,4,ifo003,0.28288,0.042481,0.01303,9712,314.1
C,0.22,0,1,0.3,4,ifo001,0.11044,0.105687,0.01762,9712,153.8
C,0.22,0,1,0.3,4,ifo002,0.24217,0.098739,0.01404,9712,153.8
C,0.22,0,1,0.3,4,ifo003,0.23625,0.088832,0.01348,9712,153.8
C,0.22,1,0,matched,1,ifo001,0.13528,0.090583,0.01236,9712,140.0
C,0.22,1,0,matched,1,ifo002,0.24045,0.077723,0.01297,9712,140.0
C,0.22,1,0,matched,1,ifo003,0.24228,0.070519,0.0102,9712,140.0
C,0.22,1,0,matched,0,ifo001,0.15571,0.095375,0.00825,9712,149.7
C,0.22,1,0,matched,0,ifo002,0.23713,0.084144,0.01163,9712,149.7
C,0.22,1,0,matched,0,ifo003,0.25246,0.075152,0.00846,9712,149.7
C,0.22,1,0,matched,3,ifo001,0.15112,0.093919,0.00606,9712,142.4
C,0.22,1,0,matched,3,ifo002,0.24326,0.081525,0.00728,9712,142.4
C,0.22,1,0,matched,3,ifo003,0.25502,0.073254,0.0075,9712,142.4
C,0.22,1,0,matched,2,ifo001,0.12303,0.092785,0.01184,9712,151.1
C,0.22,1,0,matched,2,ifo002,0.2407,0.083509,0.00917,9712,151.1
C,0.22,1,0,matched,2,ifo003,0.2229,0.073844,0.01205,9712,151.1
C,0.22,1,0,matched,4,ifo001,0.11328,0.092202,0.01583,9712,144.3
C,0.22,1,0,matched,4,ifo002,0.24076,0.081505,0.01085,9712,144.3
C,0.22,1,0,matched,4,ifo003,0.24134,0.073305,0.0114,9712,144.3
C,0.22,1,0,0.3,1,ifo001,0.13108,0.104226,0.01113,9712,141.2
C,0.22,1,0,0.3,1,ifo002,0.23248,0.094841,0.01119,9712,141.2
C,0.22,1,0,0.3,1,ifo003,0.23793,0.086199,0.00894,9712,141.2
C,0.22,1,0,0.3,0,ifo001,0.14791,0.108186,0.00742,9712,147.6
C,0.22,1,0,0.3,0,ifo002,0.22736,0.100697,0.01145,9712,147.6
C,0.22,1,0,0.3,0,ifo003,0.24466,0.090822,0.00887,9712,147.6
C,0.22,1,0,0.3,2,ifo001,0.12071,0.106835,0.0103,9712,141.9
C,0.22,1,0,0.3,2,ifo002,0.23118,0.100067,0.00805,9712,141.9
C,0.22,1,0,0.3,2,ifo003,0.21489,0.090239,0.01085,9712,141.9
C,0.22,1,0,0.05,1,ifo001,0.16298,0.057301,0.01593,9712,284.5
C,0.22,1,0,0.05,1,ifo002,0.28533,0.038743,0.01691,9712,284.5
C,0.22,1,0,0.05,1,ifo003,0.27675,0.043405,0.01337,9712,284.5
C,0.22,1,0,0.05,0,ifo001,0.19046,0.061486,0.01116,9712,304.3
C,0.22,1,0,0.05,0,ifo002,0.28515,0.044582,0.01547,9712,304.3
C,0.22,1,0,0.05,0,ifo003,0.29568,0.045868,0.00957,9712,304.3
C,0.22,1,0,0.3,3,ifo001,0.14554,0.107968,0.00439,9712,120.8
C,0.22,1,0,0.3,3,ifo002,0.23081,0.097988,0.0068,9712,120.8
C,0.22,1,0,0.3,3,ifo003,0.24644,0.088734,0.00688,9712,120.8
C,0.22,1,0,0.05,2,ifo001,0.15598,0.057614,0.01447,9712,303.6
C,0.22,1,0,0.05,2,ifo002,0.28521,0.041058,0.01151,9712,303.6
C,0.22,1,0,0.05,2,ifo003,0.2692,0.043259,0.01641,9712,303.6
C,0.22,1,0,0.05,4,ifo001,0.13115,0.055793,0.02353,9712,297.1
C,0.22,1,0,0.05,4,ifo002,0.27809,0.038181,0.01107,9712,297.1
C,0.22,1,0,0.05,4,ifo003,0.28082,0.042588,0.01274,9712,297.1
C,0.22,1,0,0.05,3,ifo001,0.19194,0.060105,0.00845,9712,306.7
C,0.22,1,0,0.05,3,ifo002,0.30094,0.041658,0.00846,9712,306.7
C,0.22,1,0,0.05,3,ifo003,0.29219,0.043927,0.00962,9712,306.7
C,0.22,1,0,0.3,4,ifo001,0.11379,0.106497,0.01382,9712,146.1
C,0.22,1,0,0.3,4,ifo002,0.23671,0.099215,0.01113,9712,146.1
C,0.22,1,0,0.3,4,ifo003,0.23906,0.089802,0.01194,9712,146.1
C,0.22,1,1,matched,0,ifo001,0.15157,0.09443,0.0101,9712,138.9
C,0.22,1,1,matched,0,ifo002,0.22824,0.083751,0.0138,9712,138.9
C,0.22,1,1,matched,0,ifo003,0.25015,0.074832,0.00807,9712,138.9
C,0.22,1,1,matched,1,ifo001,0.13254,0.09087,0.01162,9712,139.4
C,0.22,1,1,matched,1,ifo002,0.23106,0.078612,0.01465,9712,139.4
C,0.22,1,1,matched,1,ifo003,0.23332,0.07111,0.01148,9712,139.4
C,0.22,1,1,matched,2,ifo001,0.11936,0.093375,0.01114,9712,140.4
C,0.22,1,1,matched,2,ifo002,0.22521,0.084556,0.00857,9712,140.4
C,0.22,1,1,matched,2,ifo003,0.20929,0.075179,0.01192,9712,140.4
C,0.22,1,1,matched,3,ifo001,0.14618,0.093594,0.00631,9712,136.2
C,0.22,1,1,matched,3,ifo002,0.24008,0.082082,0.00782,9712,136.2
C,0.22,1,1,matched,3,ifo003,0.25313,0.073903,0.00842,9712,136.2
C,0.22,1,1,matched,4,ifo001,0.10872,0.091408,0.02026,9712,156.6
C,0.22,1,1,matched,4,ifo002,0.2442,0.080877,0.01428,9712,156.6
C,0.22,1,1,matched,4,ifo003,0.23756,0.072493,0.01253,9712,156.6
C,0.22,1,1,0.3,0,ifo001,0.14624,0.10701,0.00912,9712,137.9
C,0.22,1,1,0.3,0,ifo002,0.21989,0.100056,0.01364,9712,137.9
C,0.22,1,1,0.3,0,ifo003,0.24447,0.090483,0.0085,9712,137.9
C,0.22,1,1,0.3,1,ifo001,0.1289,0.104494,0.01014,9712,137.4
C,0.22,1,1,0.3,1,ifo002,0.22395,0.095617,0.01251,9712,137.4
C,0.22,1,1,0.3,1,ifo003,0.22915,0.086882,0.00993,9712,137.4
C,0.22,1,1,0.3,2,ifo001,0.11938,0.107026,0.00992,9712,136.6
C,0.22,1,1,0.3,2,ifo002,0.21838,0.101785,0.00756,9712,136.6
C,0.22,1,1,0.3,2,ifo003,0.20291,0.091876,0.01062,9712,136.6
C,0.22,1,1,0.05,1,ifo001,0.16258,0.057663,0.01518,9712,279.1
C,0.22,1,1,0.05,1,ifo002,0.2801,0.03944,0.01821,9712,279.1
C,0.22,1,1,0.05,1,ifo003,0.271,0.043606,0.01464,9712,279.1
C,0.22,1,1,0.05,0,ifo001,0.17709,0.060268,0.01411,9712,288.6
C,0.22,1,1,0.05,0,ifo002,0.26977,0.043668,0.01834,9712,288.6
C,0.22,1,1,0.05,0,ifo003,0.28767,0.045273,0.00958,9712,288.6
C,0.22,1,1,0.05,2,ifo001,0.14015,0.057727,0.01405,9712,283.5
C,0.22,1,1,0.05,2,ifo002,0.26008,0.041919,0.01071,9712,283.5
C,0.22,1,1,0.05,2,ifo003,0.24697,0.04339,0.01664,9712,283.5
C,0.22,1,1,0.3,3,ifo001,0.14196,0.107467,0.00437,9712,111.8
C,0.22,1,1,0.3,3,ifo002,0.22815,0.09901,0.00721,9712,111.8
C,0.22,1,1,0.3,3,ifo003,0.24486,0.089518,0.00782,9712,111.8
C,0.22,1,1,0.05,3,ifo001,0.17897,0.059679,0.011,9712,285.7
C,0.22,1,1,0.05,3,ifo002,0.29504,0.04179,0.00966,9712,285.7
C,0.22,1,1,0.05,3,ifo003,0.28567,0.043903,0.01105,9712,285.7
C,0.22,1,1,0.3,4,ifo001,0.1101,0.105611,0.01747,9712,141.6
C,0.22,1,1,0.3,4,ifo002,0.2406,0.098802,0.01443,9712,141.6
C,0.22,1,1,0.3,4,ifo003,0.23443,0.088916,0.01342,9712,141.6
C,0.22,1,1,0.05,4,ifo001,0.12371,0.055375,0.03294,9712,310.3
C,0.22,1,1,0.05,4,ifo002,0.2845,0.037634,0.01467,9712,310.3
C,0.22,1,1,0.05,4,ifo003,0.27946,0.042468,0.01285,9712,310.3
C,0.3,0,0,matched,0,ifo001,0.15093,0.111069,0.00832,9712,140.5
C,0.3,0,0,matched,0,ifo002,0.23259,0.104147,0.01235,9712,140.5
C,0.3,0,0,matched,0,ifo003,0.24769,0.094458,0.00889,9712,140.5
C,0.3,0,0,matched,1,ifo001,0.13351,0.10527,0.01012,9712,139.4
C,0.3,0,0,matched,1,ifo002,0.23623,0.095117,0.01273,9712,139.4
C,0.3,0,0,matched,1,ifo003,0.23407,0.086458,0.01043,9712,139.4
C,0.3,0,0,matched,2,ifo001,0.11952,0.10865,0.01077,9712,138.0
C,0.3,0,0,matched,2,ifo002,0.23863,0.102315,0.00842,9712,138.0
C,0.3,0,0,matched,2,ifo003,0.21077,0.092275,0.01242,9712,138.0
C,0.3,0,0,matched,3,ifo001,0.15355,0.111126,0.00406,9712,138.9
C,0.3,0,0,matched,3,ifo002,0.24146,0.099503,0.00633,9712,138.9
C,0.3,0,0,matched,3,ifo003,0.25307,0.09024,0.0063,9712,138.9
C,0.3,0,0,matched,4,ifo001,0.11263,0.107658,0.01551,9712,137.8
C,0.3,0,0,matched,4,ifo002,0.24692,0.100321,0.01216,9712,137.8
C,0.3,0,0,matched,4,ifo003,0.23989,0.090826,0.01275,9712,137.8
C,0.3,0,0,0.3,1,ifo001,0.13351,0.10527,0.01012,9712,135.8
C,0.3,0,0,0.3,1,ifo002,0.23623,0.095117,0.01273,9712,135.8
C,0.3,0,0,0.3,1,ifo003,0.23407,0.086458,0.01043,9712,135.8
C,0.3,0,0,0.3,0,ifo001,0.15093,0.111069,0.00832,9712,137.9
C,0.3,0,0,0.3,0,ifo002,0.23259,0.104147,0.01235,9712,137.9
C,0.3,0,0,0.3,0,ifo003,0.24769,0.094458,0.00889,9712,137.9
C,0.3,0,0,0.3,2,ifo001,0.11952,0.10865,0.01077,9712,134.7
C,0.3,0,0,0.3,2,ifo002,0.23863,0.102315,0.00842,9712,134.7
C,0.3,0,0,0.3,2,ifo003,0.21077,0.092275,0.01242,9712,134.7
C,0.3,0,0,0.05,0,ifo001,0.2044,0.065544,0.01297,9712,312.5
C,0.3,0,0,0.05,0,ifo002,0.30291,0.049312,0.0178,9712,312.5
C,0.3,0,0,0.05,0,ifo003,0.31288,0.048452,0.00953,9712,312.5
C,0.3,0,0,0.3,4,ifo001,0.11263,0.107658,0.01551,9712,130.4
C,0.3,0,0,0.3,4,ifo002,0.24692,0.100321,0.01216,9712,130.4
C,0.3,0,0,0.3,4,ifo003,0.23989,0.090826,0.01275,9712,130.4
C,0.3,0,0,0.3,3,ifo001,0.15355,0.111126,0.00406,9712,134.1
C,0.3,0,0,0.3,3,ifo002,0.24146,0.099503,0.00633,9712,134.1
C,0.3,0,0,0.3,3,ifo003,0.25307,0.09024,0.0063,9712,134.1
C,0.3,0,0,0.05,1,ifo001,0.16913,0.058482,0.01538,9712,307.3
C,0.3,0,0,0.05,1,ifo002,0.29435,0.03983,0.0188,9712,307.3
C,0.3,0,0,0.05,1,ifo003,0.2822,0.044078,0.01517,9712,307.3
C,0.3,0,0,0.05,2,ifo001,0.15756,0.059693,0.01629,9712,311.3
C,0.3,0,0,0.05,2,ifo002,0.29556,0.043162,0.01127,9712,311.3
C,0.3,0,0,0.05,2,ifo003,0.26682,0.044766,0.0174,9712,311.3
C,0.3,0,0,0.05,3,ifo001,0.20376,0.062618,0.00645,9712,302.4
C,0.3,0,0,0.05,3,ifo002,0.30944,0.043746,0.0068,9712,302.4
C,0.3,0,0,0.05,3,ifo003,0.29444,0.045179,0.00826,9712,302.4
C,0.3,0,0,0.05,4,ifo001,0.13464,0.056373,0.02678,9712,309.4
C,0.3,0,0,0.05,4,ifo002,0.28456,0.039208,0.01149,9712,309.4
C,0.3,0,0,0.05,4,ifo003,0.28097,0.043218,0.01244,9712,309.4
C,0.3,0,1,matched,0,ifo001,0.14875,0.109362,0.01078,9712,136.7
C,0.3,0,1,matched,0,ifo002,0.22372,0.103408,0.01525,9712,136.7
C,0.3,0,1,matched,0,ifo003,0.24658,0.093638,0.00831,9712,136.7
C,0.3,0,1,matched,1,ifo001,0.13222,0.105738,0.00933,9712,133.5
C,0.3,0,1,matched,1,ifo002,0.22726,0.095734,0.0151,9712,133.5
C,0.3,0,1,matched,1,ifo003,0.22504,0.087339,0.01298,9712,133.5
C,0.3,0,1,matched,3,ifo001,0.14956,0.110531,0.00377,9712,130.3
C,0.3,0,1,matched,3,ifo002,0.23815,0.100762,0.00681,9712,130.3
C,0.3,0,1,matched,3,ifo003,0.25238,0.091717,0.00739,9712,130.3
C,0.3,0,1,matched,2,ifo001,0.11854,0.109885,0.01011,9712,137.5
C,0.3,0,1,matched,2,ifo002,0.22471,0.104574,0.00773,9712,137.5
C,0.3,0,1,matched,2,ifo003,0.19816,0.093947,0.01232,9712,137.5
C,0.3,0,1,matched,4,ifo001,0.10942,0.10696,0.02099,9712,137.9
C,0.3,0,1,matched,4,ifo002,0.25263,0.099924,0.01734,9712,137.9
C,0.3,0,1,matched,4,ifo003,0.23578,0.08999,0.01477,9712,137.9
C,0.3,0,1,0.3,1,ifo001,0.13222,0.105738,0.00933,9712,130.1
C,0.3,0,1,0.3,1,ifo002,0.22726,0.095734,0.0151,9712,130.1
C,0.3,0,1,0.3,1,ifo003,0.22504,0.087339,0.01298,9712,130.1
C,0.3,0,1,0.3,0,ifo001,0.14875,0.109362,0.01078,9712,139.8
C,0.3,0,1,0.3,0,ifo002,0.22372,0.103408,0.01525,9712,139.8
C,0.3,0,1,0.3,0,ifo003,0.24658,0.093638,0.00831,9712,139.8
C,0.3,0,1,0.3,2,ifo001,0.11854,0.109885,0.01011,9712,140.2
C,0.3,0,1,0.3,2,ifo002,0.22471,0.104574,0.00773,9712,140.2
C,0.3,0,1,0.3,2,ifo003,0.19816,0.093947,0.01232,9712,140.2
C,0.3,0,1,0.05,0,ifo001,0.18559,0.063494,0.01737,9712,297.9
C,0.3,0,1,0.05,0,ifo002,0.28154,0.047099,0.02276,9712,297.9
C,0.3,0,1,0.05,0,ifo003,0.30042,0.047506,0.00968,9712,297.9
C,0.3,0,1,0.05,1,ifo001,0.17268,0.059231,0.01332,9712,314.6
C,0.3,0,1,0.05,1,ifo002,0.28657,0.040616,0.02086,9712,314.6
C,0.3,0,1,0.05,1,ifo003,0.2718,0.044266,0.01773,9712,314.6
C,0.3,0,1,0.05,2,ifo001,0.14007,0.059623,0.01568,9712,313.4
C,0.3,0,1,0.05,2,ifo002,0.26722,0.044257,0.01065,9712,313.4
C,0.3,0,1,0.05,2,ifo003,0.24106,0.045,0.01826,9712,313.4
C,0.3,0,1,0.05,3,ifo001,0.18943,0.062302,0.00873,9712,311.4
C,0.3,0,1,0.05,3,ifo002,0.30165,0.044158,0.00809,9712,311.4
C,0.3,0,1,0.05,3,ifo003,0.2869,0.045301,0.00996,9712,311.4
C,0.3,0,1,0.3,3,ifo001,0.14956,0.110531,0.00377,9712,129.5
C,0.3,0,1,0.3,3,ifo002,0.23815,0.100762,0.00681,9712,129.5
C,0.3,0,1,0.3,3,ifo003,0.25238,0.091717,0.00739,9712,129.5
C,0.3,1,0,matched,0,ifo001,0.15065,0.111017,0.00845,9712,129.8
C,0.3,1,0,matched,0,ifo002,0.23083,0.104281,0.01259,9712,129.8
C,0.3,1,0,matched,0,ifo003,0.24671,0.094616,0.00876,9712,129.8
C,0.3,0,1,0.3,4,ifo001,0.10942,0.10696,0.02099,9712,141.1
C,0.3,0,1,0.3,4,ifo002,0.25263,0.099924,0.01734,9712,141.1
C,0.3,0,1,0.3,4,ifo003,0.23578,0.08999,0.01477,9712,141.1
C,0.3,0,1,0.05,4,ifo001,0.12959,0.055941,0.04284,9712,317.1
C,0.3,0,1,0.05,4,ifo002,0.30272,0.038768,0.01763,9712,317.1
C,0.3,0,1,0.05,4,ifo003,0.28415,0.043123,0.01278,9712,317.1
C,0.3,1,0,matched,1,ifo001,0.13346,0.1052,0.01002,9712,138.9
C,0.3,1,0,matched,1,ifo002,0.23425,0.095221,0.01303,9712,138.9
C,0.3,1,0,matched,1,ifo003,0.23273,0.08655,0.01062,9712,138.9
C,0.3,1,0,matched,2,ifo001,0.11915,0.108667,0.01048,9712,134.4
C,0.3,1,0,matched,2,ifo002,0.23682,0.102422,0.00858,9712,134.4
C,0.3,1,0,matched,2,ifo003,0.20924,0.092392,0.01222,9712,134.4
C,0.3,1,0,matched,3,ifo001,0.15316,0.111161,0.00391,9712,139.0
C,0.3,1,0,matched,3,ifo002,0.23968,0.099532,0.00637,9712,139.0
C,0.3,1,0,matched,3,ifo003,0.25171,0.090367,0.00614,9712,139.0
C,0.3,1,0,matched,4,ifo001,0.11232,0.107607,0.0153,9712,136.4
C,0.3,1,0,matched,4,ifo002,0.24513,0.100385,0.01241,9712,136.4
C,0.3,1,0,matched,4,ifo003,0.23816,0.090993,0.01263,9712,136.4
C,0.3,1,0,0.3,0,ifo001,0.15065,0.111017,0.00845,9712,134.8
C,0.3,1,0,0.3,0,ifo002,0.23083,0.104281,0.01259,9712,134.8
C,0.3,1,0,0.3,0,ifo003,0.24671,0.094616,0.00876,9712,134.8
C,0.3,1,0,0.3,1,ifo001,0.13346,0.1052,0.01002,9712,131.4
C,0.3,1,0,0.3,1,ifo002,0.23425,0.095221,0.01303,9712,131.4
C,0.3,1,0,0.3,1,ifo003,0.23273,0.08655,0.01062,9712,131.4
C,0.3,1,0,0.3,2,ifo001,0.11915,0.108667,0.01048,9712,135.9
C,0.3,1,0,0.3,2,ifo002,0.23682,0.102422,0.00858,9712,135.9
C,0.3,1,0,0.3,2,ifo003,0.20924,0.092392,0.01222,9712,135.9
C,0.3,1,0,0.05,0,ifo001,0.20167,0.065532,0.01368,9712,313.8
C,0.3,1,0,0.05,0,ifo002,0.29885,0.049284,0.0185,9712,313.8
C,0.3,1,0,0.05,0,ifo003,0.31044,0.048432,0.00947,9712,313.8
C,0.3,1,0,0.05,2,ifo001,0.15499,0.05963,0.01615,9712,300.7
C,0.3,1,0,0.05,2,ifo002,0.29179,0.043136,0.01145,9712,300.7
C,0.3,1,0,0.05,2,ifo003,0.26395,0.044733,0.01729,9712,300.7
C,0.3,1,0,0.05,1,ifo001,0.16659,0.05831,0.01564,9712,308.4
C,0.3,1,0,0.05,1,ifo002,0.29071,0.039839,0.01942,9712,308.4
C,0.3,1,0,0.05,1,ifo003,0.27965,0.044069,0.01564,9712,308.4
C,0.3,1,0,0.05,3,ifo001,0.20113,0.062444,0.00646,9712,305.5
C,0.3,1,0,0.05,3,ifo002,0.30519,0.043756,0.00686,9712,305.5
C,0.3,1,0,0.05,3,ifo003,0.2917,0.045153,0.00814,9712,305.5
C,0.3,1,0,0.3,3,ifo001,0.15316,0.111161,0.00391,9712,139.8
C,0.3,1,0,0.3,3,ifo002,0.23968,0.099532,0.00637,9712,139.8
C,0.3,1,0,0.3,3,ifo003,0.25171,0.090367,0.00614,9712,139.8
C,0.3,1,0,0.05,4,ifo001,0.13391,0.056288,0.0269,9712,308.4
C,0.3,1,0,0.05,4,ifo002,0.2809,0.039188,0.01184,9712,308.4
C,0.3,1,0,0.05,4,ifo003,0.27803,0.043228,0.01219,9712,308.4
C,0.3,1,0,0.3,4,ifo001,0.11232,0.107607,0.0153,9712,141.5
C,0.3,1,0,0.3,4,ifo002,0.24513,0.100385,0.01241,9712,141.5
C,0.3,1,0,0.3,4,ifo003,0.23816,0.090993,0.01263,9712,141.5
C,0.3,1,1,matched,0,ifo001,0.1486,0.109316,0.01107,9712,138.5
C,0.3,1,1,matched,0,ifo002,0.22221,0.103427,0.01566,9712,138.5
C,0.3,1,1,matched,0,ifo003,0.24575,0.093824,0.00825,9712,138.5
C,0.3,1,1,matched,1,ifo001,0.13232,0.105678,0.00931,9712,138.7
C,0.3,1,1,matched,1,ifo002,0.22546,0.095806,0.01553,9712,138.7
C,0.3,1,1,matched,1,ifo003,0.22375,0.087424,0.01341,9712,138.7
C,0.3,1,1,matched,2,ifo001,0.11839,0.109951,0.00986,9712,138.7
C,0.3,1,1,matched,2,ifo002,0.22314,0.104715,0.00783,9712,138.7
C,0.3,1,1,matched,2,ifo003,0.19676,0.094089,0.01217,9712,138.7
C,0.3,1,1,matched,3,ifo001,0.14934,0.110485,0.00363,9712,136.1
C,0.3,1,1,matched,3,ifo002,0.23659,0.100853,0.00684,9712,136.1
C,0.3,1,1,matched,3,ifo003,0.25108,0.091875,0.00727,9712,136.1
C,0.3,1,1,matched,4,ifo001,0.10939,0.106972,0.02099,9712,136.9
C,0.3,1,1,matched,4,ifo002,0.25126,0.099965,0.01798,9712,136.9
C,0.3,1,1,matched,4,ifo003,0.23391,0.090113,0.01476,9712,136.9
C,0.3,1,1,0.3,0,ifo001,0.1486,0.109316,0.01107,9712,133.7
C,0.3,1,1,0.3,0,ifo002,0.22221,0.103427,0.01566,9712,133.7
C,0.3,1,1,0.3,0,ifo003,0.24575,0.093824,0.00825,9712,133.7
C,0.3,1,1,0.3,1,ifo001,0.13232,0.105678,0.00931,9712,133.8
C,0.3,1,1,0.3,1,ifo002,0.22546,0.095806,0.01553,9712,133.8
C,0.3,1,1,0.3,1,ifo003,0.22375,0.087424,0.01341,9712,133.8
C,0.3,1,1,0.3,2,ifo001,0.11839,0.109951,0.00986,9712,134.8
C,0.3,1,1,0.3,2,ifo002,0.22314,0.104715,0.00783,9712,134.8
C,0.3,1,1,0.3,2,ifo003,0.19676,0.094089,0.01217,9712,134.8
C,0.3,1,1,0.05,0,ifo001,0.18316,0.063363,0.01839,9712,303.4
C,0.3,1,1,0.05,0,ifo002,0.27773,0.047132,0.02383,9712,303.4
C,0.3,1,1,0.05,0,ifo003,0.29826,0.047508,0.00967,9712,303.4
C,0.3,1,1,0.05,1,ifo001,0.17039,0.059142,0.01353,9712,305.2
C,0.3,1,1,0.05,1,ifo002,0.2828,0.040602,0.02156,9712,305.2
C,0.3,1,1,0.05,1,ifo003,0.26906,0.044233,0.01849,9712,305.2
C,0.3,1,1,0.05,2,ifo001,0.13762,0.059522,0.01559,9712,308.4
C,0.3,1,1,0.05,2,ifo002,0.26392,0.044232,0.01084,9712,308.4
C,0.3,1,1,0.05,2,ifo003,0.23815,0.044983,0.01824,9712,308.4
C,0.3,1,1,0.05,3,ifo001,0.1877,0.062151,0.00883,9712,313.4
C,0.3,1,1,0.05,3,ifo002,0.29814,0.044169,0.0083,9712,313.4
C,0.3,1,1,0.05,3,ifo003,0.28488,0.045314,0.00987,9712,313.4
C,0.3,1,1,0.3,3,ifo001,0.14934,0.110485,0.00363,9712,138.0
C,0.3,1,1,0.3,3,ifo002,0.23659,0.100853,0.00684,9712,138.0
C,0.3,1,1,0.3,3,ifo003,0.25108,0.091875,0.00727,9712,138.0
C,0.3,1,1,0.3,4,ifo001,0.10939,0.106972,0.02099,9712,142.3
C,0.3,1,1,0.3,4,ifo002,0.25126,0.099965,0.01798,9712,142.3
C,0.3,1,1,0.3,4,ifo003,0.23391,0.090113,0.01476,9712,142.3
C,0.4,0,0,matched,0,ifo001,0.14735,0.129576,0.00876,9712,141.3
C,0.4,0,0,matched,0,ifo002,0.22971,0.131046,0.01376,9712,141.3
C,0.4,0,0,matched,0,ifo003,0.24406,0.119904,0.00956,9712,141.3
C,0.3,1,1,0.05,4,ifo001,0.12948,0.055867,0.04328,9712,299.0
C,0.3,1,1,0.05,4,ifo002,0.29985,0.038762,0.01844,9712,299.0
C,0.3,1,1,0.05,4,ifo003,0.28118,0.043143,0.01256,9712,299.0
C,0.4,0,0,matched,1,ifo001,0.13409,0.12253,0.0081,9712,139.2
C,0.4,0,0,matched,1,ifo002,0.2341,0.116432,0.0133,9712,139.2
C,0.4,0,0,matched,1,ifo003,0.22757,0.107559,0.01186,9712,139.2
C,0.4,0,0,matched,3,ifo001,0.15888,0.131581,0.00271,9712,138.8
C,0.4,0,0,matched,3,ifo002,0.24262,0.122967,0.00618,9712,138.8
C,0.4,0,0,matched,3,ifo003,0.2539,0.112293,0.0053,9712,138.8
C,0.4,0,0,matched,2,ifo001,0.11938,0.129318,0.00986,9712,148.8
C,0.4,0,0,matched,2,ifo002,0.23868,0.12706,0.00806,9712,148.8
C,0.4,0,0,matched,2,ifo003,0.19966,0.116049,0.01312,9712,148.8
C,0.4,0,0,matched,4,ifo001,0.11546,0.126321,0.01506,9712,144.4
C,0.4,0,0,matched,4,ifo002,0.25518,0.123819,0.01419,9712,144.4
C,0.4,0,0,matched,4,ifo003,0.23947,0.112965,0.01457,9712,144.4
C,0.4,0,0,0.3,0,ifo001,0.15321,0.115314,0.00988,9712,161.5
C,0.4,0,0,0.3,0,ifo002,0.23987,0.110785,0.01426,9712,161.5
C,0.4,0,0,0.3,0,ifo003,0.25009,0.10043,0.00933,9712,161.5
C,0.4,0,0,0.3,1,ifo001,0.13648,0.106906,0.00921,9712,168.7
C,0.4,0,0,0.3,1,ifo002,0.24043,0.096268,0.01652,9712,168.7
C,0.4,0,0,0.3,1,ifo003,0.23209,0.088255,0.01471,9712,168.7
C,0.4,0,0,0.3,2,ifo001,0.12028,0.112395,0.01199,9712,166.3
C,0.4,0,0,0.3,2,ifo002,0.24651,0.106583,0.00922,9712,166.3
C,0.4,0,0,0.3,2,ifo003,0.20748,0.095948,0.0145,9712,166.3
C,0.4,0,0,0.05,3,ifo001,0.212,0.065323,0.00535,9712,317.3
C,0.4,0,0,0.05,3,ifo002,0.3174,0.046075,0.00553,9712,317.3
C,0.4,0,0,0.05,3,ifo003,0.29415,0.046882,0.00694,9712,317.3
C,0.4,0,0,0.05,0,ifo001,0.21506,0.070509,0.01654,9712,345.5
C,0.4,0,0,0.05,0,ifo002,0.31923,0.054994,0.02093,9712,345.5
C,0.4,0,0,0.05,0,ifo003,0.32863,0.051159,0.00991,9712,345.5
C,0.4,0,0,0.05,2,ifo001,0.15547,0.061799,0.01798,9712,340.2
C,0.4,0,0,0.05,2,ifo002,0.30012,0.045813,0.01138,9712,340.2
C,0.4,0,0,0.05,2,ifo003,0.25965,0.046509,0.0185,9712,340.2
C,0.4,0,0,0.05,1,ifo001,0.17525,0.060311,0.0136,9712,350.1
C,0.4,0,0,0.05,1,ifo002,0.30189,0.041407,0.02163,9712,350.1
C,0.4,0,0,0.05,1,ifo003,0.28693,0.044831,0.0193,9712,350.1
C,0.4,0,0,0.05,4,ifo001,0.14554,0.056951,0.03252,9712,339.2
C,0.4,0,0,0.05,4,ifo002,0.2951,0.040135,0.0132,9712,339.2
C,0.4,0,0,0.05,4,ifo003,0.28199,0.044049,0.01229,9712,339.2
C,0.4,0,0,0.3,3,ifo001,0.16364,0.115579,0.00386,9712,175.4
C,0.4,0,0,0.3,3,ifo002,0.25365,0.102055,0.00579,9712,175.4
C,0.4,0,0,0.3,3,ifo003,0.26046,0.092806,0.00552,9712,175.4
C,0.4,0,0,0.3,4,ifo001,0.11348,0.109269,0.01837,9712,164.7
C,0.4,0,0,0.3,4,ifo002,0.26058,0.101705,0.01435,9712,164.7
C,0.4,0,0,0.3,4,ifo003,0.2413,0.092445,0.01361,9712,164.7
C,0.4,0,1,matched,0,ifo001,0.14762,0.128118,0.01182,9712,147.0
C,0.4,0,1,matched,0,ifo002,0.22153,0.129444,0.01736,9712,147.0
C,0.4,0,1,matched,0,ifo003,0.24426,0.11937,0.00884,9712,147.0
C,0.4,0,1,matched,1,ifo001,0.13414,0.123346,0.00771,9712,145.3
C,0.4,0,1,matched,1,ifo002,0.22631,0.117044,0.01644,9712,145.3
C,0.4,0,1,matched,1,ifo003,0.21912,0.10797,0.01643,9712,145.3
C,0.4,0,1,matched,2,ifo001,0.12081,0.130849,0.00956,9712,144.5
C,0.4,0,1,matched,2,ifo002,0.22734,0.129789,0.00733,9712,144.5
C,0.4,0,1,matched,2,ifo003,0.18929,0.118348,0.01305,9712,144.5
C,0.4,0,1,matched,4,ifo001,0.11389,0.125441,0.0213,9712,140.2
C,0.4,0,1,matched,4,ifo002,0.26269,0.123445,0.02188,9712,140.2
C,0.4,0,1,matched,4,ifo003,0.23444,0.112273,0.01809,9712,140.2
C,0.4,0,1,matched,3,ifo001,0.15534,0.131489,0.00205,9712,147.2
C,0.4,0,1,matched,3,ifo002,0.23984,0.125255,0.00661,9712,147.2
C,0.4,0,1,matched,3,ifo003,0.25449,0.11443,0.00657,9712,147.2
C,0.4,0,1,0.3,0,ifo001,0.15088,0.112764,0.01334,9712,164.2
C,0.4,0,1,0.3,0,ifo002,0.22963,0.10893,0.01816,9712,164.2
C,0.4,0,1,0.3,0,ifo003,0.24898,0.099152,0.00858,9712,164.2
C,0.4,0,1,0.3,1,ifo001,0.13658,0.107705,0.00873,9712,167.3
C,0.4,0,1,0.3,1,ifo002,0.23152,0.096741,0.02031,9712,167.3
C,0.4,0,1,0.3,1,ifo003,0.22253,0.088641,0.02011,9712,167.3
C,0.4,0,1,0.3,2,ifo001,0.11986,0.113723,0.01136,9712,168.2
C,0.4,0,1,0.3,2,ifo002,0.23197,0.108926,0.00835,9712,168.2
C,0.4,0,1,0.3,2,ifo003,0.19521,0.098461,0.01448,9712,168.2
C,0.4,0,1,0.05,0,ifo001,0.19642,0.067133,0.02277,9712,346.1
C,0.4,0,1,0.05,0,ifo002,0.29735,0.051892,0.02886,9712,346.1
C,0.4,0,1,0.05,0,ifo003,0.31726,0.050165,0.00998,9712,346.1
C,0.4,0,1,0.05,1,ifo001,0.18283,0.0612,0.01175,9712,341.3
C,0.4,0,1,0.05,1,ifo002,0.293,0.042276,0.02577,9712,341.3
C,0.4,0,1,0.05,1,ifo003,0.2733,0.045124,0.02518,9712,341.3
C,0.4,0,1,0.05,2,ifo001,0.13838,0.061168,0.01744,9712,349.2
C,0.4,0,1,0.05,2,ifo002,0.27261,0.046984,0.01054,9712,349.2
C,0.4,0,1,0.05,2,ifo003,0.23093,0.046788,0.0201,9712,349.2
C,0.4,0,1,0.05,3,ifo001,0.19747,0.064978,0.00617,9712,344.9
C,0.4,0,1,0.05,3,ifo002,0.30285,0.046537,0.0063,9712,344.9
C,0.4,0,1,0.05,3,ifo003,0.28386,0.047089,0.0083,9712,344.9
C,0.4,1,0,matched,0,ifo001,0.14734,0.129744,0.00891,9712,142.6
C,0.4,1,0,matched,0,ifo002,0.22847,0.131218,0.01396,9712,142.6
C,0.4,1,0,matched,0,ifo003,0.24339,0.120119,0.00945,9712,142.6
C,0.4,0,1,0.3,3,ifo001,0.15932,0.115291,0.00308,9712,173.6
C,0.4,0,1,0.3,3,ifo002,0.24961,0.103646,0.0063,9712,173.6
C,0.4,0,1,0.3,3,ifo003,0.26039,0.094719,0.00667,9712,173.6
C,0.4,0,1,0.3,4,ifo001,0.11107,0.108681,0.02714,9712,169.6
C,0.4,0,1,0.3,4,ifo002,0.26817,0.101274,0.02236,9712,169.6
C,0.4,0,1,0.3,4,ifo003,0.23736,0.091775,0.01631,9712,169.6
C,0.4,0,1,0.05,4,ifo001,0.14386,0.05653,0.0541,9712,364.6
C,0.4,0,1,0.05,4,ifo002,0.32421,0.039855,0.0223,9712,364.6
C,0.4,0,1,0.05,4,ifo003,0.29082,0.043832,0.01271,9712,364.6
C,0.4,1,0,matched,1,ifo001,0.13441,0.122507,0.00804,9712,143.8
C,0.4,1,0,matched,1,ifo002,0.23262,0.116568,0.0136,9712,143.8
C,0.4,1,0,matched,1,ifo003,0.22657,0.107671,0.01215,9712,143.8
C,0.4,1,0,matched,2,ifo001,0.11951,0.129482,0.00957,9712,138.3
C,0.4,1,0,matched,2,ifo002,0.23731,0.127163,0.00828,9712,138.3
C,0.4,1,0,matched,2,ifo003,0.19851,0.116259,0.01294,9712,138.3
C,0.4,1,0,matched,3,ifo001,0.15882,0.131702,0.00261,9712,135.1
C,0.4,1,0,matched,3,ifo002,0.24135,0.123038,0.00626,9712,135.1
C,0.4,1,0,matched,3,ifo003,0.25289,0.112489,0.00515,9712,135.1
C,0.4,1,0,matched,4,ifo001,0.11556,0.126358,0.0149,9712,146.6
C,0.4,1,0,matched,4,ifo002,0.2539,0.12384,0.01457,9712,146.6
C,0.4,1,0,matched,4,ifo003,0.23805,0.113218,0.01452,9712,146.6
C,0.4,1,0,0.3,1,ifo001,0.13664,0.106853,0.00917,9712,160.8
C,0.4,1,0,0.3,1,ifo002,0.23864,0.096277,0.01696,9712,160.8
C,0.4,1,0,0.3,1,ifo003,0.23086,0.088285,0.01515,9712,160.8
C,0.4,1,0,0.3,0,ifo001,0.15303,0.115299,0.01013,9712,174.3
C,0.4,1,0,0.3,0,ifo002,0.23826,0.110799,0.01454,9712,174.3
C,0.4,1,0,0.3,0,ifo003,0.24927,0.100563,0.00922,9712,174.3
C,0.4,1,0,0.3,2,ifo001,0.12019,0.112358,0.0117,9712,162.1
C,0.4,1,0,0.3,2,ifo002,0.24489,0.106669,0.00949,9712,162.1
C,0.4,1,0,0.3,2,ifo003,0.20616,0.096098,0.01433,9712,162.1
C,0.4,1,0,0.05,0,ifo001,0.21279,0.070416,0.01748,9712,357.0
C,0.4,1,0,0.05,0,ifo002,0.31568,0.054977,0.02181,9712,357.0
C,0.4,1,0,0.05,0,ifo003,0.32663,0.051071,0.00985,9712,357.0
C,0.4,1,0,0.05,2,ifo001,0.15353,0.061713,0.0178,9712,341.8
C,0.4,1,0,0.05,2,ifo002,0.29659,0.045837,0.01164,9712,341.8
C,0.4,1,0,0.05,2,ifo003,0.25708,0.04652,0.0184,9712,341.8
C,0.4,1,0,0.05,1,ifo001,0.17369,0.060236,0.01371,9712,358.8
C,0.4,1,0,0.05,1,ifo002,0.29841,0.041399,0.02227,9712,358.8
C,0.4,1,0,0.05,1,ifo003,0.28454,0.044821,0.02006,9712,358.8
C,0.4,1,0,0.05,3,ifo001,0.21038,0.065286,0.00537,9712,361.2
C,0.4,1,0,0.05,3,ifo002,0.3141,0.046088,0.00551,9712,361.2
C,0.4,1,0,0.05,3,ifo003,0.2917,0.046898,0.00679,9712,361.2
C,0.4,1,1,matched,0,ifo001,0.14773,0.128126,0.01215,9712,137.0
C,0.4,1,1,matched,0,ifo002,0.22054,0.129564,0.01772,9712,137.0
C,0.4,1,1,matched,0,ifo003,0.24373,0.119536,0.0088,9712,137.0
C,0.4,1,0,0.05,4,ifo001,0.14561,0.056868,0.03304,9712,336.6
C,0.4,1,0,0.05,4,ifo002,0.29241,0.040123,0.01381,9712,336.6
C,0.4,1,0,0.05,4,ifo003,0.2794,0.044053,0.01201,9712,336.6
C,0.4,1,0,0.3,3,ifo001,0.16341,0.115563,0.00375,9712,170.2
C,0.4,1,0,0.3,3,ifo002,0.25199,0.102123,0.00584,9712,170.2
C,0.4,1,0,0.3,3,ifo003,0.25925,0.092977,0.00536,9712,170.2
C,0.4,1,0,0.3,4,ifo001,0.11345,0.109381,0.01826,9712,169.3
C,0.4,1,0,0.3,4,ifo002,0.25899,0.101842,0.01476,9712,169.3
C,0.4,1,0,0.3,4,ifo003,0.23955,0.092632,0.0135,9712,169.3
C,0.4,1,1,matched,1,ifo001,0.13461,0.123414,0.00778,9712,147.9
C,0.4,1,1,matched,1,ifo002,0.22507,0.11711,0.01688,9712,147.9
C,0.4,1,1,matched,1,ifo003,0.21823,0.108103,0.01705,9712,147.9
C,0.4,1,1,matched,2,ifo001,0.12111,0.131006,0.00932,9712,147.6
C,0.4,1,1,matched,2,ifo002,0.22623,0.129828,0.00749,9712,147.6
C,0.4,1,1,matched,2,ifo003,0.18826,0.118621,0.01294,9712,147.6
C,0.4,1,1,matched,3,ifo001,0.15537,0.131638,0.00194,9712,141.9
C,0.4,1,1,matched,3,ifo002,0.23877,0.125383,0.00665,9712,141.9
C,0.4,1,1,matched,3,ifo003,0.25349,0.114691,0.00647,9712,141.9
C,0.4,1,1,matched,4,ifo001,0.1143,0.125557,0.0214,9712,137.5
C,0.4,1,1,matched,4,ifo002,0.26188,0.123538,0.02276,9712,137.5
C,0.4,1,1,matched,4,ifo003,0.2329,0.112511,0.01824,9712,137.5
C,0.4,1,1,0.3,0,ifo001,0.15083,0.112745,0.01379,9712,165.2
C,0.4,1,1,0.3,0,ifo002,0.22829,0.10905,0.01866,9712,165.2
C,0.4,1,1,0.3,0,ifo003,0.24832,0.099339,0.00854,9712,165.2
C,0.4,1,1,0.3,1,ifo001,0.13692,0.10766,0.0088,9712,163.2
C,0.4,1,1,0.3,1,ifo002,0.22998,0.0968,0.02095,9712,163.2
C,0.4,1,1,0.3,1,ifo003,0.22142,0.088769,0.02092,9712,163.2
C,0.4,1,1,0.3,2,ifo001,0.11997,0.11376,0.01111,9712,159.4
C,0.4,1,1,0.3,2,ifo002,0.23064,0.108956,0.00857,9712,159.4
C,0.4,1,1,0.3,2,ifo003,0.194,0.098622,0.0144,9712,159.4
C,0.4,1,1,0.05,0,ifo001,0.19454,0.066982,0.0241,9712,337.8
C,0.4,1,1,0.05,0,ifo002,0.29425,0.051871,0.03026,9712,337.8
C,0.4,1,1,0.05,0,ifo003,0.31566,0.05011,0.01002,9712,337.8
C,0.4,1,1,0.05,1,ifo001,0.18161,0.061126,0.01192,9712,340.8
C,0.4,1,1,0.05,1,ifo002,0.28968,0.042291,0.02659,9712,340.8
C,0.4,1,1,0.05,1,ifo003,0.27087,0.045098,0.02633,9712,340.8
C,0.4,1,1,0.05,3,ifo001,0.19665,0.064911,0.00627,9712,329.2
C,0.4,1,1,0.05,3,ifo002,0.30002,0.046512,0.00644,9712,329.2
C,0.4,1,1,0.05,3,ifo003,0.28246,0.047087,0.00817,9712,329.2
C,0.4,1,1,0.05,2,ifo001,0.13675,0.061045,0.01724,9712,337.9
C,0.4,1,1,0.05,2,ifo002,0.26969,0.046941,0.01079,9712,337.9
C,0.4,1,1,0.05,2,ifo003,0.22832,0.046745,0.02009,9712,337.9
C,0.5,0,0,matched,0,ifo001,0.14638,0.149181,0.00903,9712,131.7
C,0.5,0,0,matched,0,ifo002,0.23072,0.158102,0.01515,9712,131.7
C,0.5,0,0,matched,0,ifo003,0.24284,0.146697,0.0103,9712,131.7
C,0.4,1,1,0.05,4,ifo001,0.14451,0.056427,0.05475,9712,327.3
C,0.4,1,1,0.05,4,ifo002,0.32214,0.039855,0.02333,9712,327.3
C,0.4,1,1,0.05,4,ifo003,0.28827,0.043828,0.01246,9712,327.3
C,0.4,1,1,0.3,3,ifo001,0.15922,0.115243,0.00296,9712,161.8
C,0.4,1,1,0.3,3,ifo002,0.24811,0.103694,0.00633,9712,161.8
C,0.4,1,1,0.3,3,ifo003,0.25921,0.094884,0.00656,9712,161.8
C,0.4,1,1,0.3,4,ifo001,0.11139,0.108719,0.02735,9712,161.2
C,0.4,1,1,0.3,4,ifo002,0.26706,0.101298,0.02332,9712,161.2
C,0.4,1,1,0.3,4,ifo003,0.23549,0.091862,0.01637,9712,161.2
C,0.5,0,0,matched,3,ifo001,0.16606,0.153867,0.00226,9712,131.0
C,0.5,0,0,matched,3,ifo002,0.24761,0.148609,0.00657,9712,131.0
C,0.5,0,0,matched,3,ifo003,0.25818,0.135792,0.00477,9712,131.0
C,0.5,0,0,matched,1,ifo001,0.13699,0.140221,0.00681,9712,142.0
C,0.5,0,0,matched,1,ifo002,0.23592,0.139052,0.01422,9712,142.0
C,0.5,0,0,matched,1,ifo003,0.22507,0.130172,0.0141,9712,142.0
C,0.5,0,0,matched,2,ifo001,0.12197,0.149272,0.00945,9712,139.4
C,0.5,0,0,matched,2,ifo002,0.24123,0.152488,0.00795,9712,139.4
C,0.5,0,0,matched,2,ifo003,0.19247,0.139716,0.01395,9712,139.4
C,0.5,0,0,matched,4,ifo001,0.1206,0.14546,0.01449,9712,138.8
C,0.5,0,0,matched,4,ifo002,0.26329,0.147934,0.01603,9712,138.8
C,0.5,0,0,matched,4,ifo003,0.24037,0.135813,0.0163,9712,138.8
C,0.5,0,0,0.3,0,ifo001,0.15553,0.119703,0.0123,9712,162.0
C,0.5,0,0,0.3,0,ifo002,0.25142,0.118519,0.01664,9712,162.0
C,0.5,0,0,0.3,0,ifo003,0.25609,0.108868,0.01068,9712,162.0
C,0.5,0,0,0.3,1,ifo001,0.1405,0.108582,0.00871,9712,162.4
C,0.5,0,0,0.3,1,ifo002,0.24742,0.097729,0.0191,9712,162.4
C,0.5,0,0,0.3,1,ifo003,0.2346,0.090413,0.02017,9712,162.4
C,0.5,0,0,0.3,2,ifo001,0.12449,0.116858,0.01087,9712,165.0
C,0.5,0,0,0.3,2,ifo002,0.25026,0.11094,0.00994,9712,165.0
C,0.5,0,0,0.3,2,ifo003,0.20365,0.100531,0.01627,9712,165.0
C,0.5,0,0,0.05,0,ifo001,0.22361,0.075719,0.01951,9712,336.9
C,0.5,0,0,0.05,0,ifo002,0.33909,0.059944,0.02378,9712,336.9
C,0.5,0,0,0.05,0,ifo003,0.34634,0.053497,0.01108,9712,336.9
C,0.5,0,0,0.05,1,ifo001,0.18196,0.062046,0.01249,9712,335.5
C,0.5,0,0,0.05,1,ifo002,0.31135,0.042867,0.02447,9712,335.5
C,0.5,0,0,0.05,1,ifo003,0.29171,0.045717,0.02566,9712,335.5
C,0.5,0,0,0.05,2,ifo001,0.15542,0.063459,0.01815,9712,338.4
C,0.5,0,0,0.05,2,ifo002,0.3021,0.048623,0.01125,9712,338.4
C,0.5,0,0,0.05,2,ifo003,0.2522,0.047966,0.01909,9712,338.4
C,0.5,0,0,0.05,3,ifo001,0.22108,0.068281,0.00424,9712,342.7
C,0.5,0,0,0.05,3,ifo002,0.3255,0.048524,0.00513,9712,342.7
C,0.5,0,0,0.05,3,ifo003,0.2927,0.048235,0.00584,9712,342.7
C,0.5,0,1,matched,0,ifo001,0.14882,0.147532,0.01263,9712,133.3
C,0.5,0,1,matched,0,ifo002,0.22364,0.155931,0.01917,9712,133.3
C,0.5,0,1,matched,0,ifo003,0.24405,0.145435,0.00946,9712,133.3
C,0.5,0,0,0.3,3,ifo001,0.17349,0.120156,0.00399,9712,164.6
C,0.5,0,0,0.3,3,ifo002,0.26627,0.105162,0.00583,9712,164.6
C,0.5,0,0,0.3,3,ifo003,0.26535,0.095732,0.00471,9712,164.6
C,0.5,0,0,0.3,4,ifo001,0.11825,0.111623,0.01995,9712,168.5
C,0.5,0,0,0.3,4,ifo002,0.27264,0.103544,0.01618,9712,168.5
C,0.5,0,0,0.3,4,ifo003,0.24486,0.094284,0.01442,9712,168.5
C,0.5,0,0,0.05,4,ifo001,0.16305,0.05783,0.03836,9712,337.1
C,0.5,0,0,0.05,4,ifo002,0.31224,0.041577,0.01467,9712,337.1
C,0.5,0,0,0.05,4,ifo003,0.29191,0.044966,0.01235,9712,337.1
C,0.5,0,1,matched,1,ifo001,0.13818,0.141487,0.00685,9712,145.4
C,0.5,0,1,matched,1,ifo002,0.2292,0.139865,0.01808,9712,145.4
C,0.5,0,1,matched,1,ifo003,0.21753,0.131348,0.02028,9712,145.4
C,0.5,0,1,matched,2,ifo001,0.12514,0.150514,0.00945,9712,142.8
C,0.5,0,1,matched,2,ifo002,0.23206,0.155823,0.00718,9712,142.8
C,0.5,0,1,matched,2,ifo003,0.1843,0.143219,0.01389,9712,142.8
C,0.5,0,1,matched,4,ifo001,0.11997,0.145039,0.02108,9712,141.2
C,0.5,0,1,matched,4,ifo002,0.27108,0.147152,0.02608,9712,141.2
C,0.5,0,1,matched,4,ifo003,0.23469,0.135087,0.02147,9712,141.2
C,0.5,0,1,matched,3,ifo001,0.16282,0.153176,0.00139,9712,146.8
C,0.5,0,1,matched,3,ifo002,0.24466,0.151597,0.00702,9712,146.8
C,0.5,0,1,matched,3,ifo003,0.25909,0.137559,0.00603,9712,146.8
C,0.5,0,1,0.3,2,ifo001,0.125,0.118211,0.01062,9712,163.2
C,0.5,0,1,0.3,2,ifo002,0.23668,0.113985,0.00909,9712,163.2
C,0.5,0,1,0.3,2,ifo003,0.19215,0.103225,0.01688,9712,163.2
C,0.5,0,1,0.3,0,ifo001,0.15373,0.117008,0.01659,9712,178.8
C,0.5,0,1,0.3,0,ifo002,0.23994,0.115524,0.02142,9712,178.8
C,0.5,0,1,0.3,0,ifo003,0.2547,0.1065,0.00963,9712,178.8
C,0.5,0,1,0.3,1,ifo001,0.14214,0.10951,0.00881,9712,174.1
C,0.5,0,1,0.3,1,ifo002,0.23912,0.097997,0.02382,9712,174.1
C,0.5,0,1,0.3,1,ifo003,0.22636,0.090666,0.02776,9712,174.1
C,0.5,0,1,0.05,0,ifo001,0.20635,0.070763,0.02707,9712,341.7
C,0.5,0,1,0.05,0,ifo002,0.31633,0.055892,0.03365,9712,341.7
C,0.5,0,1,0.05,0,ifo003,0.33675,0.051834,0.01117,9712,341.7
C,0.5,0,1,0.05,1,ifo001,0.19305,0.063083,0.01088,9712,338.2
C,0.5,0,1,0.05,1,ifo002,0.30252,0.043655,0.02959,9712,338.2
C,0.5,0,1,0.05,1,ifo003,0.27888,0.046004,0.03381,9712,338.2
C,0.5,0,1,0.05,2,ifo001,0.14096,0.062972,0.01752,9712,335.8
C,0.5,0,1,0.05,2,ifo002,0.27355,0.050094,0.01029,9712,335.8
C,0.5,0,1,0.05,2,ifo003,0.22279,0.048356,0.02101,9712,335.8
C,0.5,0,1,0.05,3,ifo001,0.20266,0.067734,0.00444,9712,344.2
C,0.5,0,1,0.05,3,ifo002,0.30502,0.049474,0.00509,9712,344.2
C,0.5,0,1,0.05,3,ifo003,0.27748,0.048681,0.00694,9712,344.2
C,0.5,1,0,matched,0,ifo001,0.14646,0.149357,0.00919,9712,140.6
C,0.5,1,0,matched,0,ifo002,0.22977,0.158322,0.0153,9712,140.6
C,0.5,1,0,matched,0,ifo003,0.24235,0.146928,0.0102,9712,140.6
C,0.5,0,1,0.3,4,ifo001,0.11629,0.110649,0.03164,9712,156.0
C,0.5,0,1,0.3,4,ifo002,0.28133,0.10316,0.02647,9712,156.0
C,0.5,0,1,0.3,4,ifo003,0.23982,0.093802,0.01769,9712,156.0
C,0.5,0,1,0.3,3,ifo001,0.16802,0.119667,0.00246,9712,161.9
C,0.5,0,1,0.3,3,ifo002,0.26061,0.107537,0.00589,9712,161.9
C,0.5,0,1,0.3,3,ifo003,0.26477,0.098442,0.00588,9712,161.9
C,0.5,0,1,0.05,4,ifo001,0.1619,0.057112,0.06226,9712,347.7
C,0.5,0,1,0.05,4,ifo002,0.35007,0.041283,0.02601,9712,347.7
C,0.5,0,1,0.05,4,ifo003,0.30362,0.044813,0.01323,9712,347.7
C,0.5,1,0,matched,1,ifo001,0.13749,0.140328,0.00682,9712,147.8
C,0.5,1,0,matched,1,ifo002,0.23477,0.139114,0.01453,9712,147.8
C,0.5,1,0,matched,1,ifo003,0.22434,0.130314,0.01449,9712,147.8
C,0.5,1,0,matched,3,ifo001,0.16617,0.154058,0.00219,9712,136.3
C,0.5,1,0,matched,3,ifo002,0.24665,0.148739,0.0067,9712,136.3
C,0.5,1,0,matched,3,ifo003,0.25742,0.136019,0.00464,9712,136.3
C,0.5,1,0,matched,2,ifo001,0.12236,0.149468,0.00916,9712,143.9
C,0.5,1,0,matched,2,ifo002,0.2401,0.152604,0.0082,9712,143.9
C,0.5,1,0,matched,2,ifo003,0.1916,0.139987,0.01378,9712,143.9
C,0.5,1,0,matched,4,ifo001,0.12092,0.145719,0.01436,9712,144.8
C,0.5,1,0,matched,4,ifo002,0.2623,0.148062,0.01649,9712,144.8
C,0.5,1,0,matched,4,ifo003,0.23919,0.136145,0.01633,9712,144.8
C,0.5,1,0,0.3,0,ifo001,0.15537,0.119718,0.01266,9712,169.6
C,0.5,1,0,0.3,0,ifo002,0.24983,0.118637,0.01694,9712,169.6
C,0.5,1,0,0.3,0,ifo003,0.25533,0.109047,0.01056,9712,169.6
C,0.5,1,0,0.3,1,ifo001,0.14091,0.108545,0.00876,9712,168.4
C,0.5,1,0,0.3,1,ifo002,0.24592,0.097774,0.01961,9712,168.4
C,0.5,1,0,0.3,1,ifo003,0.23352,0.090553,0.02087,9712,168.4
C,0.5,1,0,0.3,2,ifo001,0.12453,0.116984,0.0106,9712,170.1
C,0.5,1,0,0.3,2,ifo002,0.24869,0.111059,0.01027,9712,170.1
C,0.5,1,0,0.3,2,ifo003,0.2025,0.100698,0.01615,9712,170.1
C,0.5,1,0,0.05,0,ifo001,0.22158,0.075517,0.02054,9712,343.6
C,0.5,1,0,0.05,0,ifo002,0.33579,0.059856,0.02467,9712,343.6
C,0.5,1,0,0.05,0,ifo003,0.34449,0.053406,0.01102,9712,343.6
C,0.5,1,0,0.05,1,ifo001,0.18091,0.061961,0.01257,9712,359.4
C,0.5,1,0,0.05,1,ifo002,0.30793,0.042899,0.02516,9712,359.4
C,0.5,1,0,0.05,1,ifo003,0.28929,0.045703,0.02664,9712,359.4
C,0.5,1,0,0.05,2,ifo001,0.15394,0.063407,0.01797,9712,361.4
C,0.5,1,0,0.05,2,ifo002,0.29903,0.048586,0.01156,9712,361.4
C,0.5,1,0,0.05,2,ifo003,0.25007,0.047932,0.01899,9712,361.4
C,0.5,1,0,0.05,3,ifo001,0.21967,0.068231,0.00419,9712,358.7
C,0.5,1,0,0.05,3,ifo002,0.32201,0.048582,0.00501,9712,358.7
C,0.5,1,0,0.05,3,ifo003,0.29052,0.048267,0.00562,9712,358.7
C,0.5,1,0,0.05,4,ifo001,0.16348,0.057723,0.03892,9712,336.8
C,0.5,1,0,0.05,4,ifo002,0.30971,0.041539,0.01538,9712,336.8
C,0.5,1,0,0.05,4,ifo003,0.28937,0.044963,0.01199,9712,336.8
C,0.5,1,1,matched,0,ifo001,0.14901,0.147632,0.01297,9712,145.6
C,0.5,1,1,matched,0,ifo002,0.22294,0.156045,0.01946,9712,145.6
C,0.5,1,1,matched,0,ifo003,0.24369,0.145675,0.00945,9712,145.6
C,0.5,1,0,0.3,4,ifo001,0.11839,0.111754,0.01998,9712,174.5
C,0.5,1,0,0.3,4,ifo002,0.27124,0.103538,0.01671,9712,174.5
C,0.5,1,0,0.3,4,ifo003,0.24327,0.094402,0.01434,9712,174.5
C,0.5,1,0,0.3,3,ifo001,0.17338,0.120153,0.00396,9712,178.2
C,0.5,1,0,0.3,3,ifo002,0.26474,0.105217,0.00591,9712,178.2
C,0.5,1,0,0.3,3,ifo003,0.26428,0.0959,0.00455,9712,178.2
C,0.5,1,1,matched,1,ifo001,0.13883,0.141623,0.007,9712,142.1
C,0.5,1,1,matched,1,ifo002,0.22829,0.139961,0.01854,9712,142.1
C,0.5,1,1,matched,1,ifo003,0.21689,0.131501,0.02104,9712,142.1
C,0.5,1,1,matched,2,ifo001,0.12568,0.15069,0.00924,9712,146.9
C,0.5,1,1,matched,2,ifo002,0.23118,0.156015,0.00739,9712,146.9
C,0.5,1,1,matched,2,ifo003,0.18354,0.143568,0.01382,9712,146.9
C,0.5,1,1,matched,4,ifo001,0.12059,0.145328,0.02125,9712,142.6
C,0.5,1,1,matched,4,ifo002,0.27054,0.147189,0.02714,9712,142.6
C,0.5,1,1,matched,4,ifo003,0.23342,0.135341,0.02176,9712,142.6
C,0.5,1,1,matched,3,ifo001,0.16297,0.153362,0.00131,9712,155.2
C,0.5,1,1,matched,3,ifo002,0.24389,0.151783,0.0071,9712,155.2
C,0.5,1,1,matched,3,ifo003,0.2583,0.137831,0.00596,9712,155.2
C,0.5,1,1,0.3,1,ifo001,0.14275,0.109597,0.00899,9712,155.8
C,0.5,1,1,0.3,1,ifo002,0.23787,0.098103,0.02454,9712,155.8
C,0.5,1,1,0.3,1,ifo003,0.22543,0.090741,0.02888,9712,155.8
C,0.5,1,1,0.3,0,ifo001,0.15367,0.117015,0.01718,9712,161.0
C,0.5,1,1,0.3,0,ifo002,0.23863,0.115678,0.02196,9712,161.0
C,0.5,1,1,0.3,0,ifo003,0.25411,0.106637,0.00959,9712,161.0
C,0.5,1,1,0.3,2,ifo001,0.12526,0.118233,0.01039,9712,156.4
C,0.5,1,1,0.3,2,ifo002,0.23541,0.114053,0.00939,9712,156.4
C,0.5,1,1,0.3,2,ifo003,0.19107,0.103408,0.01686,9712,156.4
C,0.5,1,1,0.05,0,ifo001,0.20467,0.070696,0.02853,9712,337.6
C,0.5,1,1,0.05,0,ifo002,0.31335,0.055864,0.03511,9712,337.6
C,0.5,1,1,0.05,0,ifo003,0.33517,0.051773,0.0112,9712,337.6
C,0.5,1,1,0.05,1,ifo001,0.19244,0.063022,0.01105,9712,336.9
C,0.5,1,1,0.05,1,ifo002,0.2993,0.043668,0.03049,9712,336.9
C,0.5,1,1,0.05,1,ifo003,0.27655,0.04596,0.03528,9712,336.9
C,0.5,1,1,0.05,2,ifo001,0.13994,0.062864,0.01726,9712,337.6
C,0.5,1,1,0.05,2,ifo002,0.27102,0.050032,0.01061,9712,337.6
C,0.5,1,1,0.05,2,ifo003,0.22056,0.048344,0.021,9712,337.6
C,0.5,1,1,0.05,3,ifo001,0.20221,0.067596,0.00447,9712,341.6
C,0.5,1,1,0.05,3,ifo002,0.30233,0.049511,0.00511,9712,341.6
C,0.5,1,1,0.05,3,ifo003,0.27616,0.048721,0.00676,9712,341.6
C,0.5,1,1,0.05,4,ifo001,0.16274,0.057001,0.06285,9712,334.6
C,0.5,1,1,0.05,4,ifo002,0.3481,0.04127,0.02713,9712,334.6
C,0.5,1,1,0.05,4,ifo003,0.30117,0.044799,0.01297,9712,334.6
C,0.5,1,1,0.3,4,ifo001,0.11685,0.110674,0.03204,9712,164.1
C,0.5,1,1,0.3,4,ifo002,0.28048,0.103227,0.02761,9712,164.1
C,0.5,1,1,0.3,4,ifo003,0.23815,0.094017,0.01782,9712,164.1
C,0.5,1,1,0.3,3,ifo001,0.16799,0.119652,0.00239,9712,174.6
C,0.5,1,1,0.3,3,ifo002,0.25929,0.107584,0.00592,9712,174.6
C,0.5,1,1,0.3,3,ifo003,0.26373,0.098605,0.00579,9712,174.6
D,0.0,0,0,0.05,0,ifo001,0.01689,0.000488,2e-05,24290,331.3
D,0.0,0,0,0.05,0,ifo002,0.0191,0.000508,5e-05,24290,331.3
D,0.0,0,0,0.05,0,ifo003,0.0192,0.000507,0.00011,24290,331.3
D,0.0,0,0,0.05,2,ifo001,0.01689,0.000488,2e-05,24290,305.2
D,0.0,0,0,0.05,2,ifo002,0.0191,0.000508,5e-05,24290,305.2
D,0.0,0,0,0.05,2,ifo003,0.0192,0.000507,0.00011,24290,305.2
D,0.0,0,0,0.05,1,ifo001,0.01689,0.000488,2e-05,24290,324.9
D,0.0,0,0,0.05,1,ifo002,0.0191,0.000508,5e-05,24290,324.9
D,0.0,0,0,0.05,1,ifo003,0.0192,0.000507,0.00011,24290,324.9
D,0.0,0,0,matched,0,ifo001,0.00946,0.000115,2e-05,24290,495.7
D,0.0,0,0,matched,0,ifo002,0.01082,0.00013,2e-05,24290,495.7
D,0.0,0,0,matched,0,ifo003,0.01009,0.000131,1e-05,24290,495.7
D,0.0,0,0,matched,1,ifo001,0.00946,0.000115,2e-05,24290,495.2
D,0.0,0,0,matched,1,ifo002,0.01082,0.00013,2e-05,24290,495.2
D,0.0,0,0,matched,1,ifo003,0.01009,0.000131,1e-05,24290,495.2
D,0.0,0,0,matched,4,ifo001,0.00946,0.000115,2e-05,24290,483.9
D,0.0,0,0,matched,4,ifo002,0.01082,0.00013,2e-05,24290,483.9
D,0.0,0,0,matched,4,ifo003,0.01009,0.000131,1e-05,24290,483.9
D,0.0,0,0,matched,2,ifo001,0.00946,0.000115,2e-05,24290,526.3
D,0.0,0,0,matched,2,ifo002,0.01082,0.00013,2e-05,24290,526.3
D,0.0,0,0,matched,2,ifo003,0.01009,0.000131,1e-05,24290,526.3
D,0.0,0,0,matched,3,ifo001,0.00946,0.000115,2e-05,24290,526.8
D,0.0,0,0,matched,3,ifo002,0.01082,0.00013,2e-05,24290,526.8
D,0.0,0,0,matched,3,ifo003,0.01009,0.000131,1e-05,24290,526.8
D,0.0,0,0,0.3,0,ifo001,0.04057,0.002962,0.00038,24290,254.7
D,0.0,0,0,0.3,0,ifo002,0.04717,0.003073,0.0002,24290,254.7
D,0.0,0,0,0.3,0,ifo003,0.04577,0.002985,0.00072,24290,254.7
D,0.0,0,0,0.3,1,ifo001,0.04057,0.002962,0.00038,24290,245.4
D,0.0,0,0,0.3,1,ifo002,0.04717,0.003073,0.0002,24290,245.4
D,0.0,0,0,0.3,1,ifo003,0.04577,0.002985,0.00072,24290,245.4
D,0.0,0,0,0.3,2,ifo001,0.04057,0.002962,0.00038,24290,244.8
D,0.0,0,0,0.3,2,ifo002,0.04717,0.003073,0.0002,24290,244.8
D,0.0,0,0,0.3,2,ifo003,0.04577,0.002985,0.00072,24290,244.8
D,0.0,0,0,0.05,4,ifo001,0.01689,0.000488,2e-05,24290,310.0
D,0.0,0,0,0.05,4,ifo002,0.0191,0.000508,5e-05,24290,310.0
D,0.0,0,0,0.05,4,ifo003,0.0192,0.000507,0.00011,24290,310.0
D,0.0,0,0,0.05,3,ifo001,0.01689,0.000488,2e-05,24290,326.0
D,0.0,0,0,0.05,3,ifo002,0.0191,0.000508,5e-05,24290,326.0
D,0.0,0,0,0.05,3,ifo003,0.0192,0.000507,0.00011,24290,326.0
D,0.0,0,0,0.3,3,ifo001,0.04057,0.002962,0.00038,24290,267.2
D,0.0,0,0,0.3,3,ifo002,0.04717,0.003073,0.0002,24290,267.2
D,0.0,0,0,0.3,3,ifo003,0.04577,0.002985,0.00072,24290,267.2
D,0.0,0,0,0.3,4,ifo001,0.04057,0.002962,0.00038,24290,264.1
D,0.0,0,0,0.3,4,ifo002,0.04717,0.003073,0.0002,24290,264.1
D,0.0,0,0,0.3,4,ifo003,0.04577,0.002985,0.00072,24290,264.1
D,0.0,0,1,matched,0,ifo001,0.01046,0.000121,1e-05,24290,397.2
D,0.0,0,1,matched,0,ifo002,0.01185,0.000136,3e-05,24290,397.2
D,0.0,0,1,matched,0,ifo003,0.01129,0.000138,2e-05,24290,397.2
D,0.0,0,1,0.05,0,ifo001,0.01888,0.0005,2e-05,24290,251.6
D,0.0,0,1,0.05,0,ifo002,0.02182,0.000518,6e-05,24290,251.6
D,0.0,0,1,0.05,0,ifo003,0.02162,0.000523,8e-05,24290,251.6
D,0.0,0,1,0.05,1,ifo001,0.01885,0.000498,3e-05,24290,261.5
D,0.0,0,1,0.05,1,ifo002,0.02287,0.00052,9e-05,24290,261.5
D,0.0,0,1,0.05,1,ifo003,0.02123,0.000525,0.00014,24290,261.5
D,0.0,0,1,0.05,2,ifo001,0.01899,0.000503,4e-05,24290,259.0
D,0.0,0,1,0.05,2,ifo002,0.02243,0.00052,0.00025,24290,259.0
D,0.0,0,1,0.05,2,ifo003,0.02036,0.000519,0.00016,24290,259.0
D,0.0,0,1,matched,1,ifo001,0.01019,0.00012,1e-05,24290,394.0
D,0.0,0,1,matched,1,ifo002,0.0126,0.000137,1e-05,24290,394.0
D,0.0,0,1,matched,1,ifo003,0.01156,0.000137,3e-05,24290,394.0
D,0.0,0,1,matched,2,ifo001,0.01059,0.00012,1e-05,24290,400.4
D,0.0,0,1,matched,2,ifo002,0.01265,0.000135,2e-05,24290,400.4
D,0.0,0,1,matched,2,ifo003,0.01165,0.000138,1e-05,24290,400.4
D,0.0,0,1,matched,3,ifo001,0.01066,0.00012,1e-05,24290,368.8
D,0.0,0,1,matched,3,ifo002,0.01245,0.000135,0.0,24290,368.8
D,0.0,0,1,matched,3,ifo003,0.01129,0.000138,2e-05,24290,368.8
D,0.0,0,1,matched,4,ifo001,0.01035,0.00012,1e-05,24290,393.8
D,0.0,0,1,matched,4,ifo002,0.01253,0.000137,1e-05,24290,393.8
D,0.0,0,1,matched,4,ifo003,0.01089,0.000138,2e-05,24290,393.8
D,0.0,0,1,0.05,3,ifo001,0.01968,0.000497,5e-05,24290,246.2
D,0.0,0,1,0.05,3,ifo002,0.02156,0.000521,0.00012,24290,246.2
D,0.0,0,1,0.05,3,ifo003,0.0208,0.000519,9e-05,24290,246.2
D,0.0,0,1,0.3,0,ifo001,0.04468,0.002938,0.0002,24290,183.6
D,0.0,0,1,0.3,0,ifo002,0.04752,0.003057,0.00037,24290,183.6
D,0.0,0,1,0.3,0,ifo003,0.05054,0.00299,0.00065,24290,183.6
D,0.0,0,1,0.05,4,ifo001,0.01872,0.000498,0.0,24290,244.9
D,0.0,0,1,0.05,4,ifo002,0.02317,0.00052,0.00016,24290,244.9
D,0.0,0,1,0.05,4,ifo003,0.01972,0.00052,0.00023,24290,244.9
D,0.0,0,1,0.3,1,ifo001,0.04439,0.002948,0.00026,24290,195.9
D,0.0,0,1,0.3,1,ifo002,0.04968,0.003053,0.00036,24290,195.9
D,0.0,0,1,0.3,1,ifo003,0.04833,0.002983,0.00089,24290,195.9
D,0.0,0,1,0.3,2,ifo001,0.0461,0.002942,0.00012,24290,195.4
D,0.0,0,1,0.3,2,ifo002,0.04829,0.003055,0.00057,24290,195.4
D,0.0,0,1,0.3,2,ifo003,0.04625,0.002987,0.00096,24290,195.4
D,0.0,0,1,0.3,3,ifo001,0.04341,0.00294,0.00031,24290,195.7
D,0.0,0,1,0.3,3,ifo002,0.04824,0.003062,0.00073,24290,195.7
D,0.0,0,1,0.3,3,ifo003,0.04718,0.002988,0.00084,24290,195.7
D,0.0,0,1,0.3,4,ifo001,0.04445,0.00294,0.00027,24290,196.7
D,0.0,0,1,0.3,4,ifo002,0.05011,0.003059,0.00032,24290,196.7
D,0.0,0,1,0.3,4,ifo003,0.04629,0.002993,0.00099,24290,196.7
D,0.0,1,0,0.05,0,ifo001,0.09953,0.000409,0.00062,24290,382.0
D,0.0,1,0,0.05,0,ifo002,0.11187,0.00043,0.00023,24290,382.0
D,0.0,1,0,0.05,0,ifo003,0.10457,0.000431,0.00116,24290,382.0
D,0.0,1,0,0.05,1,ifo001,0.09953,0.000409,0.00062,24290,375.4
D,0.0,1,0,0.05,1,ifo002,0.11187,0.00043,0.00023,24290,375.4
D,0.0,1,0,0.05,1,ifo003,0.10457,0.000431,0.00116,24290,375.4
D,0.0,1,0,0.05,2,ifo001,0.09953,0.000409,0.00062,24290,369.6
D,0.0,1,0,0.05,2,ifo002,0.11187,0.00043,0.00023,24290,369.6
D,0.0,1,0,0.05,2,ifo003,0.10457,0.000431,0.00116,24290,369.6
D,0.0,1,0,0.3,0,ifo001,0.05357,0.002688,0.0004,24290,252.8
D,0.0,1,0,0.3,0,ifo002,0.05735,0.002808,0.00035,24290,252.8
D,0.0,1,0,0.3,0,ifo003,0.05293,0.002742,0.00139,24290,252.8
D,0.0,1,0,matched,0,ifo001,0.1194,0.000106,0.00063,24290,801.7
D,0.0,1,0,matched,0,ifo002,0.13083,0.00012,0.00012,24290,801.7
D,0.0,1,0,matched,0,ifo003,0.12739,0.000116,0.00094,24290,801.7
D,0.0,1,0,matched,1,ifo001,0.1194,0.000106,0.00063,24290,800.4
D,0.0,1,0,matched,1,ifo002,0.13083,0.00012,0.00012,24290,800.4
D,0.0,1,0,matched,1,ifo003,0.12739,0.000116,0.00094,24290,800.4
D,0.0,1,0,matched,2,ifo001,0.1194,0.000106,0.00063,24290,783.2
D,0.0,1,0,matched,2,ifo002,0.13083,0.00012,0.00012,24290,783.2
D,0.0,1,0,matched,2,ifo003,0.12739,0.000116,0.00094,24290,783.2
D,0.0,1,0,0.05,4,ifo001,0.09953,0.000409,0.00062,24290,386.4
D,0.0,1,0,0.05,4,ifo002,0.11187,0.00043,0.00023,24290,386.4
D,0.0,1,0,0.05,4,ifo003,0.10457,0.000431,0.00116,24290,386.4
D,0.0,1,0,matched,4,ifo001,0.1194,0.000106,0.00063,24290,810.2
D,0.0,1,0,matched,4,ifo002,0.13083,0.00012,0.00012,24290,810.2
D,0.0,1,0,matched,4,ifo003,0.12739,0.000116,0.00094,24290,810.2
D,0.0,1,0,0.05,3,ifo001,0.09953,0.000409,0.00062,24290,394.3
D,0.0,1,0,0.05,3,ifo002,0.11187,0.00043,0.00023,24290,394.3
D,0.0,1,0,0.05,3,ifo003,0.10457,0.000431,0.00116,24290,394.3
D,0.0,1,0,matched,3,ifo001,0.1194,0.000106,0.00063,24290,826.0
D,0.0,1,0,matched,3,ifo002,0.13083,0.00012,0.00012,24290,826.0
D,0.0,1,0,matched,3,ifo003,0.12739,0.000116,0.00094,24290,826.0
D,0.0,1,0,0.3,1,ifo001,0.05357,0.002688,0.0004,24290,259.0
D,0.0,1,0,0.3,1,ifo002,0.05735,0.002808,0.00035,24290,259.0
D,0.0,1,0,0.3,1,ifo003,0.05293,0.002742,0.00139,24290,259.0
D,0.0,1,0,0.3,2,ifo001,0.05357,0.002688,0.0004,24290,264.0
D,0.0,1,0,0.3,2,ifo002,0.05735,0.002808,0.00035,24290,264.0
D,0.0,1,0,0.3,2,ifo003,0.05293,0.002742,0.00139,24290,264.0
D,0.0,1,0,0.3,3,ifo001,0.05357,0.002688,0.0004,24290,251.7
D,0.0,1,0,0.3,3,ifo002,0.05735,0.002808,0.00035,24290,251.7
D,0.0,1,0,0.3,3,ifo003,0.05293,0.002742,0.00139,24290,251.7
D,0.0,1,0,0.3,4,ifo001,0.05357,0.002688,0.0004,24290,251.8
D,0.0,1,0,0.3,4,ifo002,0.05735,0.002808,0.00035,24290,251.8
D,0.0,1,0,0.3,4,ifo003,0.05293,0.002742,0.00139,24290,251.8
D,0.0,1,1,0.05,0,ifo001,0.10195,0.000426,0.00071,24290,303.6
D,0.0,1,1,0.05,0,ifo002,0.11536,0.000448,0.00021,24290,303.6
D,0.0,1,1,0.05,0,ifo003,0.10651,0.000448,0.0013,24290,303.6
D,0.0,1,1,0.05,1,ifo001,0.10098,0.000425,0.00071,24290,312.1
D,0.0,1,1,0.05,1,ifo002,0.11481,0.000449,0.00023,24290,312.1
D,0.0,1,1,0.05,1,ifo003,0.10918,0.000451,0.00133,24290,312.1
D,0.0,1,1,0.05,2,ifo001,0.10256,0.000427,0.00074,24290,304.7
D,0.0,1,1,0.05,2,ifo002,0.11546,0.00045,0.00029,24290,304.7
D,0.0,1,1,0.05,2,ifo003,0.10668,0.00045,0.00127,24290,304.7
D,0.0,1,1,matched,0,ifo001,0.12086,0.000111,0.00073,24290,667.7
D,0.0,1,1,matched,0,ifo002,0.13391,0.000127,0.00012,24290,667.7
D,0.0,1,1,matched,0,ifo003,0.12887,0.000124,0.00103,24290,667.7
D,0.0,1,1,matched,1,ifo001,0.12069,0.000113,0.00073,24290,681.8
D,0.0,1,1,matched,1,ifo002,0.13433,0.000126,0.00017,24290,681.8
D,0.0,1,1,matched,1,ifo003,0.1313,0.000124,0.00103,24290,681.8
D,0.0,1,1,matched,3,ifo001,0.12164,0.000111,0.00077,24290,669.8
D,0.0,1,1,matched,3,ifo002,0.13172,0.000128,0.00016,24290,669.8
D,0.0,1,1,matched,3,ifo003,0.12921,0.000123,0.00106,24290,669.8
D,0.0,1,1,matched,2,ifo001,0.12211,0.000113,0.00078,24290,687.0
D,0.0,1,1,matched,2,ifo002,0.13423,0.000128,0.00016,24290,687.0
D,0.0,1,1,matched,2,ifo003,0.12992,0.000124,0.00102,24290,687.0
D,0.0,1,1,0.3,0,ifo001,0.06022,0.002709,0.00091,24290,205.4
D,0.0,1,1,0.3,0,ifo002,0.06419,0.002833,0.00046,24290,205.4
D,0.0,1,1,0.3,0,ifo003,0.06129,0.002775,0.00218,24290,205.4
D,0.0,1,1,0.05,3,ifo001,0.10266,0.000424,0.00077,24290,340.8
D,0.0,1,1,0.05,3,ifo002,0.11301,0.000446,0.00028,24290,340.8
D,0.0,1,1,0.05,3,ifo003,0.10688,0.000448,0.00134,24290,340.8
D,0.0,1,1,matched,4,ifo001,0.12123,0.000113,0.00066,24290,698.5
D,0.0,1,1,matched,4,ifo002,0.13597,0.000126,0.00018,24290,698.5
D,0.0,1,1,matched,4,ifo003,0.12892,0.000126,0.00097,24290,698.5
D,0.0,1,1,0.05,4,ifo001,0.10205,0.000426,0.00064,24290,339.8
D,0.0,1,1,0.05,4,ifo002,0.11694,0.000446,0.00026,24290,339.8
D,0.0,1,1,0.05,4,ifo003,0.10627,0.000452,0.00125,24290,339.8
D,0.0,1,1,0.3,1,ifo001,0.06015,0.002721,0.00101,24290,200.9
D,0.0,1,1,0.3,1,ifo002,0.06568,0.002827,0.00044,24290,200.9
D,0.0,1,1,0.3,1,ifo003,0.0627,0.002764,0.00242,24290,200.9
D,0.0,1,1,0.3,2,ifo001,0.06227,0.002711,0.00089,24290,196.8
D,0.0,1,1,0.3,2,ifo002,0.06334,0.002832,0.0006,24290,196.8
D,0.0,1,1,0.3,2,ifo003,0.05518,0.002769,0.00223,24290,196.8
D,0.0,1,1,0.3,3,ifo001,0.06043,0.002709,0.0012,24290,197.6
D,0.0,1,1,0.3,3,ifo002,0.06405,0.002835,0.00082,24290,197.6
D,0.0,1,1,0.3,3,ifo003,0.05767,0.002763,0.00247,24290,197.6
D,0.0,1,1,0.3,4,ifo001,0.05992,0.002714,0.00072,24290,198.9
D,0.0,1,1,0.3,4,ifo002,0.06714,0.002821,0.00041,24290,198.9
D,0.0,1,1,0.3,4,ifo003,0.05795,0.002768,0.00224,24290,198.9
D,0.05,0,0,matched,0,ifo001,0.02358,0.000512,7e-05,24290,414.8
D,0.05,0,0,matched,0,ifo002,0.02516,0.000532,0.00047,24290,414.8
D,0.05,0,0,matched,0,ifo003,0.02528,0.000533,0.0008,24290,414.8
D,0.05,0,0,matched,1,ifo001,0.02256,0.000511,0.00011,24290,401.0
D,0.05,0,0,matched,1,ifo002,0.02474,0.000531,0.00016,24290,401.0
D,0.05,0,0,matched,1,ifo003,0.02445,0.000533,0.00041,24290,401.0
D,0.05,0,0,matched,2,ifo001,0.02388,0.00051,5e-05,24290,409.1
D,0.05,0,0,matched,2,ifo002,0.02601,0.000534,5e-05,24290,409.1
D,0.05,0,0,matched,2,ifo003,0.02381,0.000531,3e-05,24290,409.1
D,0.05,0,0,matched,3,ifo001,0.02446,0.000511,2e-05,24290,424.4
D,0.05,0,0,matched,3,ifo002,0.02621,0.000532,0.00015,24290,424.4
D,0.05,0,0,matched,3,ifo003,0.02648,0.000534,0.00018,24290,424.4
D,0.05,0,0,matched,4,ifo001,0.02506,0.000515,0.00018,24290,409.6
D,0.05,0,0,matched,4,ifo002,0.02422,0.00053,0.00013,24290,409.6
D,0.05,0,0,matched,4,ifo003,0.02696,0.000531,0.00042,24290,409.6
D,0.05,0,0,0.05,1,ifo001,0.02256,0.000511,0.00011,24290,395.6
D,0.05,0,0,0.05,1,ifo002,0.02474,0.000531,0.00016,24290,395.6
D,0.05,0,0,0.05,1,ifo003,0.02445,0.000533,0.00041,24290,395.6
D,0.05,0,0,0.05,0,ifo001,0.02358,0.000512,7e-05,24290,410.8
D,0.05,0,0,0.05,0,ifo002,0.02516,0.000532,0.00047,24290,410.8
D,0.05,0,0,0.05,0,ifo003,0.02528,0.000533,0.0008,24290,410.8
D,0.05,0,0,0.05,2,ifo001,0.02388,0.00051,5e-05,24290,407.7
D,0.05,0,0,0.05,2,ifo002,0.02601,0.000534,5e-05,24290,407.7
D,0.05,0,0,0.05,2,ifo003,0.02381,0.000531,3e-05,24290,407.7
D,0.05,0,0,0.3,0,ifo001,0.04177,0.002961,0.00057,24290,260.7
D,0.05,0,0,0.3,0,ifo002,0.04803,0.003069,0.00037,24290,260.7
D,0.05,0,0,0.3,0,ifo003,0.04548,0.00299,0.0016,24290,260.7
D,0.05,0,0,0.05,3,ifo001,0.02446,0.000511,2e-05,24290,384.4
D,0.05,0,0,0.05,3,ifo002,0.02621,0.000532,0.00015,24290,384.4
D,0.05,0,0,0.05,3,ifo003,0.02648,0.000534,0.00018,24290,384.4
D,0.05,0,0,0.3,2,ifo001,0.0407,0.002966,0.0003,24290,236.6
D,0.05,0,0,0.3,2,ifo002,0.0488,0.003073,9e-05,24290,236.6
D,0.05,0,0,0.3,2,ifo003,0.04585,0.002984,0.00043,24290,236.6
D,0.05,0,0,0.3,3,ifo001,0.04097,0.002962,0.00057,24290,240.8
D,0.05,0,0,0.3,3,ifo002,0.04842,0.003073,0.00017,24290,240.8
D,0.05,0,0,0.3,3,ifo003,0.04614,0.002985,0.00078,24290,240.8
D,0.05,0,0,0.3,1,ifo001,0.04097,0.002957,0.00062,24290,266.3
D,0.05,0,0,0.3,1,ifo002,0.04805,0.00307,0.00012,24290,266.3
D,0.05,0,0,0.3,1,ifo003,0.04592,0.002984,0.00093,24290,266.3
D,0.05,0,0,0.3,4,ifo001,0.04051,0.002959,0.00055,24290,261.4
D,0.05,0,0,0.3,4,ifo002,0.04689,0.003071,0.00022,24290,261.4
D,0.05,0,0,0.3,4,ifo003,0.04737,0.002982,0.00077,24290,261.4
D,0.05,0,0,0.05,4,ifo001,0.02506,0.000515,0.00018,24290,390.8
D,0.05,0,0,0.05,4,ifo002,0.02422,0.00053,0.00013,24290,390.8
D,0.05,0,0,0.05,4,ifo003,0.02696,0.000531,0.00042,24290,390.8
D,0.05,0,1,matched,0,ifo001,0.02534,0.000522,0.0001,24290,366.3
D,0.05,0,1,matched,0,ifo002,0.02894,0.000544,0.00061,24290,366.3
D,0.05,0,1,matched,0,ifo003,0.02655,0.000541,0.00117,24290,366.3
D,0.05,0,1,matched,1,ifo001,0.02695,0.00052,0.0004,24290,363.8
D,0.05,0,1,matched,1,ifo002,0.02823,0.00054,0.0001,24290,363.8
D,0.05,0,1,matched,1,ifo003,0.0265,0.000542,0.00064,24290,363.8
D,0.05,0,1,matched,2,ifo001,0.02811,0.000522,2e-05,24290,378.1
D,0.05,0,1,matched,2,ifo002,0.02808,0.000546,0.00015,24290,378.1
D,0.05,0,1,matched,2,ifo003,0.02682,0.000541,0.00014,24290,378.1
D,0.05,0,1,matched,4,ifo001,0.02914,0.000526,3e-05,24290,380.3
D,0.05,0,1,matched,4,ifo002,0.02729,0.000541,0.00029,24290,380.3
D,0.05,0,1,matched,4,ifo003,0.02858,0.000544,0.00037,24290,380.3
D,0.05,0,1,matched,3,ifo001,0.02758,0.000519,0.00012,24290,392.4
D,0.05,0,1,matched,3,ifo002,0.03006,0.000539,9e-05,24290,392.4
D,0.05,0,1,matched,3,ifo003,0.02928,0.000543,0.00012,24290,392.4
D,0.05,0,1,0.05,0,ifo001,0.02534,0.000522,0.0001,24290,398.6
D,0.05,0,1,0.05,0,ifo002,0.02894,0.000544,0.00061,24290,398.6
D,0.05,0,1,0.05,0,ifo003,0.02655,0.000541,0.00117,24290,398.6
D,0.05,0,1,0.05,1,ifo001,0.02695,0.00052,0.0004,24290,388.1
D,0.05,0,1,0.05,1,ifo002,0.02823,0.00054,0.0001,24290,388.1
D,0.05,0,1,0.05,1,ifo003,0.0265,0.000542,0.00064,24290,388.1
D,0.05,0,1,0.05,2,ifo001,0.02811,0.000522,2e-05,24290,402.7
D,0.05,0,1,0.05,2,ifo002,0.02808,0.000546,0.00015,24290,402.7
D,0.05,0,1,0.05,2,ifo003,0.02682,0.000541,0.00014,24290,402.7
D,0.05,0,1,0.05,3,ifo001,0.02758,0.000519,0.00012,24290,408.8
D,0.05,0,1,0.05,3,ifo002,0.03006,0.000539,9e-05,24290,408.8
D,0.05,0,1,0.05,3,ifo003,0.02928,0.000543,0.00012,24290,408.8
D,0.05,0,1,0.3,0,ifo001,0.04623,0.002936,0.00051,24290,215.7
D,0.05,0,1,0.3,0,ifo002,0.05227,0.003054,0.00083,24290,215.7
D,0.05,0,1,0.3,0,ifo003,0.04586,0.00299,0.00278,24290,215.7
D,0.05,0,1,0.3,1,ifo001,0.04518,0.002935,0.00156,24290,199.8
D,0.05,0,1,0.3,1,ifo002,0.04927,0.003055,9e-05,24290,199.8
D,0.05,0,1,0.3,1,ifo003,0.04801,0.002984,0.00183,24290,199.8
D,0.05,0,1,0.3,2,ifo001,0.0469,0.00293,0.00022,24290,205.0
D,0.05,0,1,0.3,2,ifo002,0.05038,0.003051,0.00111,24290,205.0
D,0.05,0,1,0.3,2,ifo003,0.04812,0.002981,0.00085,24290,205.0
D,0.05,0,1,0.3,3,ifo001,0.0466,0.002938,0.00024,24290,208.7
D,0.05,0,1,0.3,3,ifo002,0.04984,0.003054,0.0002,24290,208.7
D,0.05,0,1,0.3,3,ifo003,0.04689,0.002974,0.0005,24290,208.7
D,0.05,0,1,0.3,4,ifo001,0.05377,0.002927,0.0002,24290,208.9
D,0.05,0,1,0.3,4,ifo002,0.0481,0.003057,0.00042,24290,208.9
D,0.05,0,1,0.3,4,ifo003,0.04908,0.002977,0.00099,24290,208.9
D,0.05,0,1,0.05,4,ifo001,0.02914,0.000526,3e-05,24290,388.2
D,0.05,0,1,0.05,4,ifo002,0.02729,0.000541,0.00029,24290,388.2
D,0.05,0,1,0.05,4,ifo003,0.02858,0.000544,0.00037,24290,388.2
D,0.05,1,0,matched,0,ifo001,0.09391,0.000431,0.00057,24290,445.1
D,0.05,1,0,matched,0,ifo002,0.10469,0.000455,0.00035,24290,445.1
D,0.05,1,0,matched,0,ifo003,0.09992,0.000456,0.00108,24290,445.1
D,0.05,1,0,matched,1,ifo001,0.09431,0.000431,0.00067,24290,460.1
D,0.05,1,0,matched,1,ifo002,0.10705,0.000456,0.00021,24290,460.1
D,0.05,1,0,matched,1,ifo003,0.09567,0.000454,0.00122,24290,460.1
D,0.05,1,0,matched,4,ifo001,0.09658,0.000432,0.00058,24290,456.9
D,0.05,1,0,matched,4,ifo002,0.10789,0.000454,0.00033,24290,456.9
D,0.05,1,0,matched,4,ifo003,0.09727,0.000454,0.00122,24290,456.9
D,0.05,1,0,matched,2,ifo001,0.09874,0.000431,0.00057,24290,472.3
D,0.05,1,0,matched,2,ifo002,0.10121,0.000454,0.00018,24290,472.3
D,0.05,1,0,matched,2,ifo003,0.09903,0.000454,0.00118,24290,472.3
D,0.05,1,0,matched,3,ifo001,0.09317,0.000432,0.00064,24290,475.1
D,0.05,1,0,matched,3,ifo002,0.10756,0.000455,0.00035,24290,475.1
D,0.05,1,0,matched,3,ifo003,0.10149,0.000455,0.00117,24290,475.1
D,0.05,1,0,0.05,0,ifo001,0.09391,0.000431,0.00057,24290,472.7
D,0.05,1,0,0.05,0,ifo002,0.10469,0.000455,0.00035,24290,472.7
D,0.05,1,0,0.05,0,ifo003,0.09992,0.000456,0.00108,24290,472.7
D,0.05,1,0,0.05,1,ifo001,0.09431,0.000431,0.00067,24290,474.2
D,0.05,1,0,0.05,1,ifo002,0.10705,0.000456,0.00021,24290,474.2
D,0.05,1,0,0.05,1,ifo003,0.09567,0.000454,0.00122,24290,474.2
D,0.05,1,0,0.05,2,ifo001,0.09874,0.000431,0.00057,24290,476.8
D,0.05,1,0,0.05,2,ifo002,0.10121,0.000454,0.00018,24290,476.8
D,0.05,1,0,0.05,2,ifo003,0.09903,0.000454,0.00118,24290,476.8
D,0.05,1,0,0.3,0,ifo001,0.0547,0.002687,0.00046,24290,284.7
D,0.05,1,0,0.3,0,ifo002,0.05677,0.002806,0.00044,24290,284.7
D,0.05,1,0,0.3,0,ifo003,0.05274,0.002744,0.00172,24290,284.7
D,0.05,1,0,0.3,1,ifo001,0.05355,0.002687,0.00059,24290,295.7
D,0.05,1,0,0.3,1,ifo002,0.05775,0.002808,0.00022,24290,295.7
D,0.05,1,0,0.3,1,ifo003,0.05346,0.002741,0.00146,24290,295.7
D,0.05,1,0,0.3,2,ifo001,0.05387,0.00269,0.00037,24290,295.2
D,0.05,1,0,0.3,2,ifo002,0.05563,0.002809,0.00025,24290,295.2
D,0.05,1,0,0.3,2,ifo003,0.05444,0.002742,0.00105,24290,295.2
D,0.05,1,0,0.3,3,ifo001,0.05322,0.002688,0.00049,24290,272.5
D,0.05,1,0,0.3,3,ifo002,0.05751,0.002808,0.00033,24290,272.5
D,0.05,1,0,0.3,3,ifo003,0.05486,0.002743,0.00145,24290,272.5
D,0.05,1,0,0.05,3,ifo001,0.09317,0.000432,0.00064,24290,472.5
D,0.05,1,0,0.05,3,ifo002,0.10756,0.000455,0.00035,24290,472.5
D,0.05,1,0,0.05,3,ifo003,0.10149,0.000455,0.00117,24290,472.5
D,0.05,1,0,0.3,4,ifo001,0.05476,0.002683,0.00046,24290,289.2
D,0.05,1,0,0.3,4,ifo002,0.05731,0.002807,0.0004,24290,289.2
D,0.05,1,0,0.3,4,ifo003,0.05288,0.002742,0.00164,24290,289.2
D,0.05,1,0,0.05,4,ifo001,0.09658,0.000432,0.00058,24290,489.4
D,0.05,1,0,0.05,4,ifo002,0.10789,0.000454,0.00033,24290,489.4
D,0.05,1,0,0.05,4,ifo003,0.09727,0.000454,0.00122,24290,489.4
D,0.05,1,1,matched,0,ifo001,0.09801,0.000451,0.00066,24290,418.0
D,0.05,1,1,matched,0,ifo002,0.10804,0.000471,0.00047,24290,418.0
D,0.05,1,1,matched,0,ifo003,0.10453,0.000472,0.00134,24290,418.0
D,0.05,1,1,matched,1,ifo001,0.10125,0.000448,0.00081,24290,401.8
D,0.05,1,1,matched,1,ifo002,0.11218,0.000471,0.00022,24290,401.8
D,0.05,1,1,matched,1,ifo003,0.09807,0.000476,0.00138,24290,401.8
D,0.05,1,1,matched,3,ifo001,0.09639,0.000449,0.00077,24290,410.5
D,0.05,1,1,matched,3,ifo002,0.11035,0.00047,0.00029,24290,410.5
D,0.05,1,1,matched,3,ifo003,0.10473,0.000473,0.00133,24290,410.5
D,0.05,1,1,matched,2,ifo001,0.10356,0.00045,0.00068,24290,423.8
D,0.05,1,1,matched,2,ifo002,0.10977,0.000472,0.00025,24290,423.8
D,0.05,1,1,matched,2,ifo003,0.10489,0.000473,0.00124,24290,423.8
D,0.05,1,1,0.05,0,ifo001,0.09801,0.000451,0.00066,24290,397.4
D,0.05,1,1,0.05,0,ifo002,0.10804,0.000471,0.00047,24290,397.4
D,0.05,1,1,0.05,0,ifo003,0.10453,0.000472,0.00134,24290,397.4
D,0.05,1,1,0.05,1,ifo001,0.10125,0.000448,0.00081,24290,392.7
D,0.05,1,1,0.05,1,ifo002,0.11218,0.000471,0.00022,24290,392.7
D,0.05,1,1,0.05,1,ifo003,0.09807,0.000476,0.00138,24290,392.7
D,0.05,1,1,matched,4,ifo001,0.10178,0.000449,0.00075,24290,428.0
D,0.05,1,1,matched,4,ifo002,0.11094,0.00047,0.00041,24290,428.0
D,0.05,1,1,matched,4,ifo003,0.10236,0.000473,0.00137,24290,428.0
D,0.05,1,1,0.05,2,ifo001,0.10356,0.00045,0.00068,24290,418.0
D,0.05,1,1,0.05,2,ifo002,0.10977,0.000472,0.00025,24290,418.0
D,0.05,1,1,0.05,2,ifo003,0.10489,0.000473,0.00124,24290,418.0
D,0.05,1,1,0.3,0,ifo001,0.06271,0.002707,0.00092,24290,220.3
D,0.05,1,1,0.3,0,ifo002,0.06935,0.00283,0.00091,24290,220.3
D,0.05,1,1,0.3,0,ifo003,0.05973,0.002763,0.00317,24290,220.3
D,0.05,1,1,0.3,2,ifo001,0.06336,0.002703,0.00106,24290,213.0
D,0.05,1,1,0.3,2,ifo002,0.0646,0.002827,0.001,24290,213.0
D,0.05,1,1,0.3,2,ifo003,0.0615,0.002762,0.00182,24290,213.0
D,0.05,1,1,0.3,3,ifo001,0.06158,0.002701,0.00099,24290,211.5
D,0.05,1,1,0.3,3,ifo002,0.0621,0.002829,0.00032,24290,211.5
D,0.05,1,1,0.3,3,ifo003,0.05668,0.002766,0.00218,24290,211.5
D,0.05,1,1,0.3,1,ifo001,0.0625,0.002719,0.00149,24290,225.7
D,0.05,1,1,0.3,1,ifo002,0.06418,0.002833,0.00021,24290,225.7
D,0.05,1,1,0.3,1,ifo003,0.0623,0.002765,0.00246,24290,225.7
D,0.05,1,1,0.3,4,ifo001,0.06881,0.002708,0.00056,24290,218.2
D,0.05,1,1,0.3,4,ifo002,0.06363,0.002827,0.00063,24290,218.2
D,0.05,1,1,0.3,4,ifo003,0.06005,0.002763,0.0023,24290,218.2
D,0.05,1,1,0.05,3,ifo001,0.09639,0.000449,0.00077,24290,417.6
D,0.05,1,1,0.05,3,ifo002,0.11035,0.00047,0.00029,24290,417.6
D,0.05,1,1,0.05,3,ifo003,0.10473,0.000473,0.00133,24290,417.6
D,0.05,1,1,0.05,4,ifo001,0.10178,0.000449,0.00075,24290,457.9
D,0.05,1,1,0.05,4,ifo002,0.11094,0.00047,0.00041,24290,457.9
D,0.05,1,1,0.05,4,ifo003,0.10236,0.000473,0.00137,24290,457.9
D,0.1,0,0,matched,0,ifo001,0.03441,0.000991,0.0002,24290,450.6
D,0.1,0,0,matched,0,ifo002,0.03568,0.001026,0.00138,24290,450.6
D,0.1,0,0,matched,0,ifo003,0.03474,0.001007,0.00243,24290,450.6
D,0.1,0,0,matched,4,ifo001,0.03559,0.000999,0.00059,24290,447.4
D,0.1,0,0,matched,4,ifo002,0.03369,0.001019,0.00032,24290,447.4
D,0.1,0,0,matched,4,ifo003,0.04017,0.001004,0.00109,24290,447.4
D,0.1,0,0,matched,3,ifo001,0.03443,0.000997,0.00014,24290,448.3
D,0.1,0,0,matched,3,ifo002,0.03682,0.001025,0.00017,24290,448.3
D,0.1,0,0,matched,3,ifo003,0.03765,0.001005,0.00041,24290,448.3
D,0.1,0,0,matched,2,ifo001,0.03405,0.000995,8e-05,24290,471.0
D,0.1,0,0,matched,2,ifo002,0.03891,0.001027,0.00012,24290,471.0
D,0.1,0,0,matched,2,ifo003,0.03329,0.001002,8e-05,24290,471.0
D,0.1,0,0,matched,1,ifo001,0.03261,0.000995,0.00029,24290,480.8
D,0.1,0,0,matched,1,ifo002,0.03679,0.001021,0.0007,24290,480.8
D,0.1,0,0,matched,1,ifo003,0.03506,0.001005,0.00153,24290,480.8
D,0.1,0,0,0.05,0,ifo001,0.0328,0.000573,0.00018,24290,597.5
D,0.1,0,0,0.05,0,ifo002,0.03482,0.000595,0.00122,24290,597.5
D,0.1,0,0,0.05,0,ifo003,0.03412,0.000599,0.00191,24290,597.5
D,0.1,0,0,0.05,1,ifo001,0.03122,0.000572,0.00031,24290,587.1
D,0.1,0,0,0.05,1,ifo002,0.03571,0.000588,0.00061,24290,587.1
D,0.1,0,0,0.05,1,ifo003,0.03431,0.000593,0.00097,24290,587.1
D,0.1,0,0,0.3,1,ifo001,0.04201,0.002953,0.00096,24290,223.4
D,0.1,0,0,0.3,1,ifo002,0.04994,0.003067,7e-05,24290,223.4
D,0.1,0,0,0.3,1,ifo003,0.04665,0.002983,0.00117,24290,223.4
D,0.1,0,0,0.3,0,ifo001,0.04364,0.002962,0.00076,24290,291.7
D,0.1,0,0,0.3,0,ifo002,0.04962,0.003067,0.00074,24290,291.7
D,0.1,0,0,0.3,0,ifo003,0.04637,0.002995,0.00281,24290,291.7
D,0.1,0,0,0.3,2,ifo001,0.04173,0.002971,0.00025,24290,290.7
D,0.1,0,0,0.3,2,ifo002,0.05131,0.003075,0.0001,24290,290.7
D,0.1,0,0,0.3,2,ifo003,0.04661,0.002984,0.00025,24290,290.7
D,0.1,0,0,0.05,2,ifo001,0.0347,0.000575,0.0001,24290,589.9
D,0.1,0,0,0.05,2,ifo002,0.0376,0.000601,0.00023,24290,589.9
D,0.1,0,0,0.05,2,ifo003,0.0308,0.000596,9e-05,24290,589.9
D,0.1,0,0,0.3,3,ifo001,0.04197,0.002963,0.00077,24290,202.4
D,0.1,0,0,0.3,3,ifo002,0.05035,0.003074,0.00015,24290,202.4
D,0.1,0,0,0.3,3,ifo003,0.04755,0.002986,0.00087,24290,202.4
D,0.1,0,0,0.3,4,ifo001,0.04187,0.002958,0.00079,24290,295.5
D,0.1,0,0,0.3,4,ifo002,0.04714,0.003072,0.00031,24290,295.5
D,0.1,0,0,0.3,4,ifo003,0.05009,0.00298,0.00082,24290,295.5
D,0.1,0,0,0.05,3,ifo001,0.03557,0.000574,8e-05,24290,571.9
D,0.1,0,0,0.05,3,ifo002,0.03581,0.000596,0.00014,24290,571.9
D,0.1,0,0,0.05,3,ifo003,0.03884,0.000601,0.00028,24290,571.9
D,0.1,0,0,0.05,4,ifo001,0.03716,0.000578,0.0004,24290,567.5
D,0.1,0,0,0.05,4,ifo002,0.03355,0.000593,0.00018,24290,567.5
D,0.1,0,0,0.05,4,ifo003,0.04,0.000594,0.0007,24290,567.5
D,0.1,0,1,matched,0,ifo001,0.03704,0.000995,0.00029,24290,341.6
D,0.1,0,1,matched,0,ifo002,0.04045,0.001034,0.00172,24290,341.6
D,0.1,0,1,matched,0,ifo003,0.03536,0.00101,0.00347,24290,341.6
D,0.1,0,1,matched,3,ifo001,0.03854,0.000998,0.00023,24290,330.9
D,0.1,0,1,matched,3,ifo002,0.04062,0.001031,0.00014,24290,330.9
D,0.1,0,1,matched,3,ifo003,0.03956,0.001012,0.00031,24290,330.9
D,0.1,0,1,matched,4,ifo001,0.04105,0.001002,0.00016,24290,316.4
D,0.1,0,1,matched,4,ifo002,0.03659,0.001027,0.00079,24290,316.4
D,0.1,0,1,matched,4,ifo003,0.04109,0.001012,0.00129,24290,316.4
D,0.1,0,1,matched,1,ifo001,0.03768,0.000991,0.00106,24290,401.0
D,0.1,0,1,matched,1,ifo002,0.03983,0.001025,0.00053,24290,401.0
D,0.1,0,1,matched,1,ifo003,0.03627,0.001018,0.00235,24290,401.0
D,0.1,0,1,matched,2,ifo001,0.03958,0.000999,8e-05,24290,410.6
D,0.1,0,1,matched,2,ifo002,0.04012,0.001037,0.00044,24290,410.6
D,0.1,0,1,matched,2,ifo003,0.03631,0.00101,0.00034,24290,410.6
D,0.1,0,1,0.3,0,ifo001,0.04793,0.002934,0.00074,24290,199.3
D,0.1,0,1,0.3,0,ifo002,0.05257,0.003054,0.00132,24290,199.3
D,0.1,0,1,0.3,0,ifo003,0.04661,0.002996,0.0042,24290,199.3
D,0.1,0,1,0.3,1,ifo001,0.04633,0.002932,0.00222,24290,199.7
D,0.1,0,1,0.3,1,ifo002,0.05108,0.003053,6e-05,24290,199.7
D,0.1,0,1,0.3,1,ifo003,0.04925,0.002982,0.00221,24290,199.7
D,0.1,0,1,0.3,2,ifo001,0.04709,0.002934,0.00027,24290,203.0
D,0.1,0,1,0.3,2,ifo002,0.05197,0.003052,0.00093,24290,203.0
D,0.1,0,1,0.3,2,ifo003,0.04915,0.002981,0.0006,24290,203.0
D,0.1,0,1,0.05,0,ifo001,0.03476,0.000579,0.00014,24290,506.1
D,0.1,0,1,0.05,0,ifo002,0.04137,0.000602,0.00142,24290,506.1
D,0.1,0,1,0.05,0,ifo003,0.03625,0.000601,0.00219,24290,506.1
D,0.1,0,1,0.05,1,ifo001,0.03839,0.000575,0.00089,24290,498.9
D,0.1,0,1,0.05,1,ifo002,0.03996,0.000591,0.00043,24290,498.9
D,0.1,0,1,0.05,1,ifo003,0.03466,0.000597,0.0014,24290,498.9
D,0.1,0,1,0.05,2,ifo001,0.04267,0.000578,5e-05,24290,504.3
D,0.1,0,1,0.05,2,ifo002,0.03869,0.000605,0.00025,24290,504.3
D,0.1,0,1,0.05,2,ifo003,0.03619,0.0006,0.00029,24290,504.3
D,0.1,0,1,0.3,3,ifo001,0.04738,0.002939,0.0004,24290,205.7
D,0.1,0,1,0.3,3,ifo002,0.05198,0.003053,0.00021,24290,205.7
D,0.1,0,1,0.3,3,ifo003,0.04823,0.002973,0.00057,24290,205.7
D,0.1,0,1,0.3,4,ifo001,0.05507,0.002924,0.00029,24290,210.5
D,0.1,0,1,0.3,4,ifo002,0.04852,0.003058,0.0005,24290,210.5
D,0.1,0,1,0.3,4,ifo003,0.05131,0.002977,0.00119,24290,210.5
D,0.1,0,1,0.05,3,ifo001,0.04043,0.000574,0.00022,24290,539.3
D,0.1,0,1,0.05,3,ifo002,0.04092,0.000596,8e-05,24290,539.3
D,0.1,0,1,0.05,3,ifo003,0.04151,0.000602,0.00025,24290,539.3
D,0.1,0,1,0.05,4,ifo001,0.0429,0.000583,8e-05,24290,554.9
D,0.1,0,1,0.05,4,ifo002,0.0383,0.000596,0.00064,24290,554.9
D,0.1,0,1,0.05,4,ifo003,0.04202,0.000603,0.00063,24290,554.9
D,0.1,1,0,matched,0,ifo001,0.07461,0.000853,0.00054,24290,419.2
D,0.1,1,0,matched,0,ifo002,0.08095,0.000891,0.00077,24290,419.2
D,0.1,1,0,matched,0,ifo003,0.07432,0.000886,0.00149,24290,419.2
D,0.1,1,0,matched,1,ifo001,0.07416,0.000853,0.0008,24290,421.6
D,0.1,1,0,matched,1,ifo002,0.08385,0.00089,0.0003,24290,421.6
D,0.1,1,0,matched,1,ifo003,0.06865,0.000884,0.00164,24290,421.6
D,0.1,1,0,matched,2,ifo001,0.07977,0.000855,0.00055,24290,423.2
D,0.1,1,0,matched,2,ifo002,0.07408,0.000888,0.00026,24290,423.2
D,0.1,1,0,matched,2,ifo003,0.07663,0.000886,0.00123,24290,423.2
D,0.1,1,0,matched,3,ifo001,0.07354,0.000856,0.0006,24290,434.1
D,0.1,1,0,matched,3,ifo002,0.08336,0.00089,0.00045,24290,434.1
D,0.1,1,0,matched,3,ifo003,0.08013,0.000883,0.00142,24290,434.1
D,0.1,1,0,matched,4,ifo001,0.08006,0.00085,0.0005,24290,442.1
D,0.1,1,0,matched,4,ifo002,0.08481,0.000886,0.0006,24290,442.1
D,0.1,1,0,matched,4,ifo003,0.07073,0.000886,0.00192,24290,442.1
D,0.1,1,0,0.3,0,ifo001,0.05634,0.002687,0.00054,24290,264.2
D,0.1,1,0,0.3,0,ifo002,0.05671,0.002805,0.00068,24290,264.2
D,0.1,1,0,0.3,0,ifo003,0.05341,0.002748,0.00225,24290,264.2
D,0.1,1,0,0.05,0,ifo001,0.08623,0.000488,0.00057,24290,618.4
D,0.1,1,0,0.05,0,ifo002,0.09792,0.000511,0.00059,24290,618.4
D,0.1,1,0,0.05,0,ifo003,0.09271,0.000513,0.00108,24290,618.4
D,0.1,1,0,0.05,1,ifo001,0.08956,0.000485,0.00089,24290,641.1
D,0.1,1,0,0.05,1,ifo002,0.10115,0.000511,0.0002,24290,641.1
D,0.1,1,0,0.05,1,ifo003,0.08366,0.00051,0.00145,24290,641.1
D,0.1,1,0,0.3,1,ifo001,0.05405,0.002687,0.00088,24290,256.1
D,0.1,1,0,0.3,1,ifo002,0.059,0.002808,0.00016,24290,256.1
D,0.1,1,0,0.3,1,ifo003,0.05451,0.002742,0.00153,24290,256.1
D,0.1,1,0,0.3,2,ifo001,0.05477,0.002692,0.00037,24290,257.5
D,0.1,1,0,0.3,2,ifo002,0.05459,0.00281,0.00023,24290,257.5
D,0.1,1,0,0.3,2,ifo003,0.05642,0.002743,0.00082,24290,257.5
D,0.1,1,0,0.05,2,ifo001,0.09636,0.000489,0.00054,24290,633.3
D,0.1,1,0,0.05,2,ifo002,0.0892,0.000507,0.00032,24290,633.3
D,0.1,1,0,0.05,2,ifo003,0.09302,0.000508,0.00123,24290,633.3
D,0.1,1,0,0.05,3,ifo001,0.08671,0.000487,0.00061,24290,594.8
D,0.1,1,0,0.05,3,ifo002,0.10212,0.000512,0.00046,24290,594.8
D,0.1,1,0,0.05,3,ifo003,0.0962,0.00051,0.00131,24290,594.8
D,0.1,1,0,0.3,3,ifo001,0.05334,0.002689,0.00059,24290,278.7
D,0.1,1,0,0.3,3,ifo002,0.0583,0.002809,0.00033,24290,278.7
D,0.1,1,0,0.3,3,ifo003,0.05753,0.002744,0.0015,24290,278.7
D,0.1,1,0,0.05,4,ifo001,0.09218,0.000486,0.00053,24290,572.8
D,0.1,1,0,0.05,4,ifo002,0.10365,0.000507,0.00049,24290,572.8
D,0.1,1,0,0.05,4,ifo003,0.08688,0.00051,0.00142,24290,572.8
D,0.1,1,0,0.3,4,ifo001,0.05689,0.002681,0.00057,24290,277.6
D,0.1,1,0,0.3,4,ifo002,0.05758,0.002807,0.00049,24290,277.6
D,0.1,1,0,0.3,4,ifo003,0.05377,0.002744,0.00193,24290,277.6
D,0.1,1,1,matched,0,ifo001,0.08208,0.000881,0.00079,24290,379.7
D,0.1,1,1,matched,0,ifo002,0.08839,0.000918,0.00106,24290,379.7
D,0.1,1,1,matched,0,ifo003,0.08116,0.000914,0.00226,24290,379.7
D,0.1,1,1,matched,2,ifo001,0.08688,0.000876,0.00077,24290,369.4
D,0.1,1,1,matched,2,ifo002,0.0854,0.000914,0.00035,24290,369.4
D,0.1,1,1,matched,2,ifo003,0.08484,0.000914,0.00139,24290,369.4
D,0.1,1,1,matched,1,ifo001,0.08395,0.000881,0.00121,24290,405.8
D,0.1,1,1,matched,1,ifo002,0.09063,0.000915,0.00032,24290,405.8
D,0.1,1,1,matched,1,ifo003,0.07483,0.000917,0.00212,24290,405.8
D,0.1,1,1,matched,3,ifo001,0.07895,0.000881,0.0009,24290,409.6
D,0.1,1,1,matched,3,ifo002,0.08837,0.000911,0.00037,24290,409.6
D,0.1,1,1,matched,3,ifo003,0.08354,0.000911,0.00169,24290,409.6
D,0.1,1,1,matched,4,ifo001,0.08689,0.000874,0.00071,24290,428.7
D,0.1,1,1,matched,4,ifo002,0.09031,0.000914,0.00084,24290,428.7
D,0.1,1,1,matched,4,ifo003,0.07842,0.000919,0.00209,24290,428.7
D,0.1,1,1,0.3,0,ifo001,0.06395,0.002709,0.001,24290,217.2
D,0.1,1,1,0.3,0,ifo002,0.06875,0.002829,0.0012,24290,217.2
D,0.1,1,1,0.3,0,ifo003,0.0599,0.002768,0.0038,24290,217.2
D,0.1,1,1,0.05,1,ifo001,0.09932,0.0005,0.00122,24290,551.1
D,0.1,1,1,0.05,1,ifo002,0.10782,0.000528,0.00021,24290,551.1
D,0.1,1,1,0.05,1,ifo003,0.08941,0.000529,0.00176,24290,551.1
D,0.1,1,1,0.05,0,ifo001,0.09451,0.000504,0.00073,24290,570.8
D,0.1,1,1,0.05,0,ifo002,0.10512,0.000523,0.00077,24290,570.8
D,0.1,1,1,0.05,0,ifo003,0.09998,0.000529,0.00161,24290,570.8
D,0.1,1,1,0.3,1,ifo001,0.06281,0.002719,0.0019,24290,284.2
D,0.1,1,1,0.3,1,ifo002,0.06449,0.002834,0.00015,24290,284.2
D,0.1,1,1,0.3,1,ifo003,0.06335,0.002767,0.00256,24290,284.2
D,0.1,1,1,0.05,2,ifo001,0.10422,0.000501,0.00068,24290,563.1
D,0.1,1,1,0.05,2,ifo002,0.10231,0.000524,0.00033,24290,563.1
D,0.1,1,1,0.05,2,ifo003,0.10228,0.000529,0.00133,24290,563.1
D,0.1,1,1,0.3,2,ifo001,0.06323,0.002704,0.00109,24290,266.3
D,0.1,1,1,0.3,2,ifo002,0.06335,0.002827,0.00086,24290,266.3
D,0.1,1,1,0.3,2,ifo003,0.06358,0.002762,0.00151,24290,266.3
D,0.1,1,1,0.05,4,ifo001,0.10007,0.000501,0.00082,24290,491.0
D,0.1,1,1,0.05,4,ifo002,0.10813,0.000521,0.00069,24290,491.0
D,0.1,1,1,0.05,4,ifo003,0.09512,0.00053,0.00161,24290,491.0
D,0.1,1,1,0.3,3,ifo001,0.06134,0.002705,0.00111,24290,269.8
D,0.1,1,1,0.3,3,ifo002,0.06296,0.002829,0.00034,24290,269.8
D,0.1,1,1,0.3,3,ifo003,0.05884,0.002769,0.0022,24290,269.8
D,0.1,1,1,0.05,3,ifo001,0.0928,0.0005,0.00082,24290,536.2
D,0.1,1,1,0.05,3,ifo002,0.10703,0.000521,0.00034,24290,536.2
D,0.1,1,1,0.05,3,ifo003,0.10095,0.000524,0.0015,24290,536.2
D,0.1,1,1,0.3,4,ifo001,0.07017,0.002706,0.00061,24290,192.1
D,0.1,1,1,0.3,4,ifo002,0.06359,0.002827,0.00074,24290,192.1
D,0.1,1,1,0.3,4,ifo003,0.06052,0.002766,0.00256,24290,192.1
D,0.15,0,0,matched,0,ifo001,0.04172,0.001484,0.00043,24290,322.6
D,0.15,0,0,matched,0,ifo002,0.04433,0.001525,0.002,24290,322.6
D,0.15,0,0,matched,0,ifo003,0.04206,0.001484,0.004,24290,322.6
D,0.15,0,0,matched,2,ifo001,0.04075,0.001501,0.0001,24290,314.3
D,0.15,0,0,matched,2,ifo002,0.04893,0.001532,0.00022,24290,314.3
D,0.15,0,0,matched,2,ifo003,0.04088,0.001483,0.00012,24290,314.3
D,0.15,0,0,matched,1,ifo001,0.03977,0.001485,0.00058,24290,384.3
D,0.15,0,0,matched,1,ifo002,0.04621,0.001516,0.00097,24290,384.3
D,0.15,0,0,matched,1,ifo003,0.04261,0.00148,0.00246,24290,384.3
D,0.15,0,0,matched,3,ifo001,0.04114,0.001499,0.00039,24290,319.5
D,0.15,0,0,matched,3,ifo002,0.04579,0.001528,0.00013,24290,319.5
D,0.15,0,0,matched,3,ifo003,0.04723,0.001482,0.00059,24290,319.5
D,0.15,0,0,matched,4,ifo001,0.04245,0.001485,0.00114,24290,313.7
D,0.15,0,0,matched,4,ifo002,0.04077,0.00151,0.00041,24290,313.7
D,0.15,0,0,matched,4,ifo003,0.05035,0.00148,0.00157,24290,313.7
D,0.15,0,0,0.3,0,ifo001,0.04629,0.002973,0.00094,24290,260.3
D,0.15,0,0,0.3,0,ifo002,0.05241,0.003078,0.0012,24290,260.3
D,0.15,0,0,0.3,0,ifo003,0.04881,0.003016,0.00404,24290,260.3
D,0.15,0,0,0.3,1,ifo001,0.04363,0.002961,0.00124,24290,258.4
D,0.15,0,0,0.3,1,ifo002,0.05309,0.003078,7e-05,24290,258.4
D,0.15,0,0,0.3,1,ifo003,0.04844,0.002991,0.00144,24290,258.4
D,0.15,0,0,0.3,2,ifo001,0.04371,0.002987,0.00019,24290,265.5
D,0.15,0,0,0.3,2,ifo002,0.05534,0.003084,0.00016,24290,265.5
D,0.15,0,0,0.3,2,ifo003,0.04824,0.002996,0.00016,24290,265.5
D,0.15,0,0,0.05,0,ifo001,0.04133,0.00063,0.00025,24290,595.2
D,0.15,0,0,0.05,0,ifo002,0.04333,0.000655,0.00278,24290,595.2
D,0.15,0,0,0.05,0,ifo003,0.04255,0.000662,0.00318,24290,595.2
D,0.15,0,0,0.05,1,ifo001,0.03981,0.000626,0.00061,24290,642.3
D,0.15,0,0,0.05,1,ifo002,0.04626,0.000642,0.00105,24290,642.3
D,0.15,0,0,0.05,1,ifo003,0.04493,0.000651,0.00157,24290,642.3
D,0.15,0,0,0.05,2,ifo001,0.04442,0.000636,0.00018,24290,602.1
D,0.15,0,0,0.05,2,ifo002,0.04918,0.000664,0.00052,24290,602.1
D,0.15,0,0,0.05,2,ifo003,0.0374,0.000653,0.00023,24290,602.1
D,0.15,0,0,0.3,3,ifo001,0.04362,0.002973,0.00094,24290,262.5
D,0.15,0,0,0.3,3,ifo002,0.05328,0.003085,0.00013,24290,262.5
D,0.15,0,0,0.3,3,ifo003,0.0507,0.002996,0.00088,24290,262.5
D,0.15,0,0,0.3,4,ifo001,0.04469,0.002964,0.00106,24290,263.6
D,0.15,0,0,0.3,4,ifo002,0.0481,0.003078,0.00044,24290,263.6
D,0.15,0,0,0.3,4,ifo003,0.05409,0.002991,0.00114,24290,263.6
D,0.15,0,0,0.05,3,ifo001,0.04498,0.000632,0.00024,24290,630.4
D,0.15,0,0,0.05,3,ifo002,0.04523,0.000655,0.00013,24290,630.4
D,0.15,0,0,0.05,3,ifo003,0.05053,0.000657,0.00051,24290,630.4
D,0.15,0,0,0.05,4,ifo001,0.04745,0.000636,0.00067,24290,659.3
D,0.15,0,0,0.05,4,ifo002,0.04167,0.000652,0.00021,24290,659.3
D,0.15,0,0,0.05,4,ifo003,0.0522,0.000657,0.00091,24290,659.3
D,0.15,0,1,matched,0,ifo001,0.04476,0.001472,0.00059,24290,326.6
D,0.15,0,1,matched,0,ifo002,0.04897,0.00152,0.00259,24290,326.6
D,0.15,0,1,matched,0,ifo003,0.04273,0.001481,0.00559,24290,326.6
D,0.15,0,1,matched,1,ifo001,0.04452,0.001467,0.00197,24290,314.0
D,0.15,0,1,matched,1,ifo002,0.04885,0.001509,0.00074,24290,314.0
D,0.15,0,1,matched,1,ifo003,0.04379,0.001483,0.00374,24290,314.0
D,0.15,0,1,matched,3,ifo001,0.04608,0.001477,0.00043,24290,308.7
D,0.15,0,1,matched,3,ifo002,0.04893,0.001512,0.00014,24290,308.7
D,0.15,0,1,matched,3,ifo003,0.04825,0.001477,0.00046,24290,308.7
D,0.15,0,1,matched,2,ifo001,0.04597,0.001477,0.0002,24290,316.8
D,0.15,0,1,matched,2,ifo002,0.04896,0.001514,0.00064,24290,316.8
D,0.15,0,1,matched,2,ifo003,0.04418,0.00148,0.00039,24290,316.8
D,0.15,0,1,matched,4,ifo001,0.05043,0.001459,0.00035,24290,327.5
D,0.15,0,1,matched,4,ifo002,0.04339,0.001501,0.00113,24290,327.5
D,0.15,0,1,matched,4,ifo003,0.05082,0.001486,0.00203,24290,327.5
D,0.15,0,1,0.3,1,ifo001,0.04833,0.002936,0.00284,24290,250.7
D,0.15,0,1,0.3,1,ifo002,0.05425,0.003058,8e-05,24290,250.7
D,0.15,0,1,0.3,1,ifo003,0.05138,0.002989,0.00265,24290,250.7
D,0.15,0,1,0.3,0,ifo001,0.05053,0.002939,0.00089,24290,258.2
D,0.15,0,1,0.3,0,ifo002,0.05461,0.003061,0.00188,24290,258.2
D,0.15,0,1,0.3,0,ifo003,0.0489,0.003008,0.00543,24290,258.2
D,0.15,0,1,0.05,0,ifo001,0.0429,0.000631,0.00021,24290,557.7
D,0.15,0,1,0.05,0,ifo002,0.05126,0.000658,0.00268,24290,557.7
D,0.15,0,1,0.05,0,ifo003,0.04537,0.000653,0.00354,24290,557.7
D,0.15,0,1,0.3,2,ifo001,0.04822,0.002943,0.00038,24290,268.5
D,0.15,0,1,0.3,2,ifo002,0.05496,0.003059,0.00088,24290,268.5
D,0.15,0,1,0.3,2,ifo003,0.05103,0.002988,0.00047,24290,268.5
D,0.15,0,1,0.05,2,ifo001,0.05597,0.000631,0.00011,24290,564.0
D,0.15,0,1,0.05,2,ifo002,0.04848,0.000658,0.00051,24290,564.0
D,0.15,0,1,0.05,2,ifo003,0.04547,0.000653,0.00042,24290,564.0
D,0.15,0,1,0.05,1,ifo001,0.04946,0.000619,0.0016,24290,618.2
D,0.15,0,1,0.05,1,ifo002,0.05131,0.00064,0.00055,24290,618.2
D,0.15,0,1,0.05,1,ifo003,0.04352,0.000647,0.00206,24290,618.2
D,0.15,0,1,0.3,3,ifo001,0.04897,0.002946,0.00055,24290,250.0
D,0.15,0,1,0.3,3,ifo002,0.05526,0.00306,0.00021,24290,250.0
D,0.15,0,1,0.3,3,ifo003,0.05141,0.002982,0.00061,24290,250.0
D,0.15,0,1,0.3,4,ifo001,0.05816,0.00293,0.0004,24290,253.4
D,0.15,0,1,0.3,4,ifo002,0.04937,0.003063,0.00072,24290,253.4
D,0.15,0,1,0.3,4,ifo003,0.05487,0.002986,0.00158,24290,253.4
D,0.15,0,1,0.05,3,ifo001,0.05115,0.000623,0.00043,24290,660.0
D,0.15,0,1,0.05,3,ifo002,0.05071,0.000647,0.0001,24290,660.0
D,0.15,0,1,0.05,3,ifo003,0.05421,0.000654,0.00041,24290,660.0
D,0.15,0,1,0.05,4,ifo001,0.05527,0.000634,0.00015,24290,646.6
D,0.15,0,1,0.05,4,ifo002,0.04768,0.000643,0.00091,24290,646.6
D,0.15,0,1,0.05,4,ifo003,0.05461,0.000657,0.00083,24290,646.6
D,0.15,1,0,matched,0,ifo001,0.06485,0.001311,0.00052,24290,388.7
D,0.15,1,0,matched,0,ifo002,0.06729,0.001362,0.00134,24290,388.7
D,0.15,1,0,matched,0,ifo003,0.06264,0.001347,0.00228,24290,388.7
D,0.15,1,0,matched,1,ifo001,0.06357,0.00131,0.00106,24290,395.3
D,0.15,1,0,matched,1,ifo002,0.07122,0.001358,0.00035,24290,395.3
D,0.15,1,0,matched,1,ifo003,0.0574,0.001342,0.00207,24290,395.3
D,0.15,1,0,matched,3,ifo001,0.06275,0.001316,0.00061,24290,410.9
D,0.15,1,0,matched,3,ifo002,0.0697,0.00136,0.00043,24290,410.9
D,0.15,1,0,matched,3,ifo003,0.07171,0.001343,0.00147,24290,410.9
D,0.15,1,0,matched,2,ifo001,0.06788,0.001316,0.00055,24290,421.2
D,0.15,1,0,matched,2,ifo002,0.06059,0.001357,0.00041,24290,421.2
D,0.15,1,0,matched,2,ifo003,0.06712,0.001345,0.00114,24290,421.2
D,0.15,1,0,matched,4,ifo001,0.07161,0.001303,0.00061,24290,413.7
D,0.15,1,0,matched,4,ifo002,0.07033,0.001354,0.0008,24290,413.7
D,0.15,1,0,matched,4,ifo003,0.06056,0.001343,0.0027,24290,413.7
D,0.15,1,0,0.05,0,ifo001,0.08153,0.000539,0.00063,24290,616.3
D,0.15,1,0,0.05,0,ifo002,0.09224,0.000564,0.00097,24290,616.3
D,0.15,1,0,0.05,0,ifo003,0.08758,0.000569,0.00118,24290,616.3
D,0.15,1,0,0.3,0,ifo001,0.05789,0.002699,0.00061,24290,254.6
D,0.15,1,0,0.3,0,ifo002,0.05762,0.002816,0.00094,24290,254.6
D,0.15,1,0,0.3,0,ifo003,0.05513,0.002764,0.00272,24290,254.6
D,0.15,1,0,0.3,1,ifo001,0.05497,0.002697,0.00122,24290,264.1
D,0.15,1,0,0.3,1,ifo002,0.06126,0.00282,0.00014,24290,264.1
D,0.15,1,0,0.3,1,ifo003,0.05579,0.002753,0.0016,24290,264.1
D,0.15,1,0,0.3,2,ifo001,0.0556,0.002708,0.00043,24290,266.3
D,0.15,1,0,0.3,2,ifo002,0.05435,0.002821,0.0003,24290,266.3
D,0.15,1,0,0.3,2,ifo003,0.05859,0.002756,0.00071,24290,266.3
D,0.15,1,0,0.05,2,ifo001,0.09483,0.000544,0.00057,24290,630.1
D,0.15,1,0,0.05,2,ifo002,0.08037,0.00056,0.00052,24290,630.1
D,0.15,1,0,0.05,2,ifo003,0.08903,0.000564,0.0012,24290,630.1
D,0.15,1,0,0.05,1,ifo001,0.08689,0.000535,0.00114,24290,656.0
D,0.15,1,0,0.05,1,ifo002,0.09739,0.000565,0.00021,24290,656.0
D,0.15,1,0,0.05,1,ifo003,0.07581,0.000562,0.00163,24290,656.0
D,0.15,1,0,0.3,3,ifo001,0.05355,0.002703,0.00067,24290,265.2
D,0.15,1,0,0.3,3,ifo002,0.05987,0.00282,0.00032,24290,265.2
D,0.15,1,0,0.3,3,ifo003,0.06108,0.002755,0.00146,24290,265.2
D,0.15,1,0,0.3,4,ifo001,0.05992,0.002692,0.00068,24290,258.9
D,0.15,1,0,0.3,4,ifo002,0.05806,0.002817,0.00068,24290,258.9
D,0.15,1,0,0.3,4,ifo003,0.05566,0.002759,0.00236,24290,258.9
D,0.15,1,0,0.05,3,ifo001,0.08418,0.000538,0.00058,24290,629.3
D,0.15,1,0,0.05,3,ifo002,0.09867,0.000564,0.00045,24290,629.3
D,0.15,1,0,0.05,3,ifo003,0.09558,0.000563,0.0015,24290,629.3
D,0.15,1,0,0.05,4,ifo001,0.09084,0.000537,0.00053,24290,622.9
D,0.15,1,0,0.05,4,ifo002,0.10156,0.000561,0.00067,24290,622.9
D,0.15,1,0,0.05,4,ifo003,0.07958,0.000565,0.00187,24290,622.9
D,0.15,1,1,matched,0,ifo001,0.07348,0.001341,0.00097,24290,384.4
D,0.15,1,1,matched,0,ifo002,0.0777,0.001392,0.00177,24290,384.4
D,0.15,1,1,matched,0,ifo003,0.07026,0.001384,0.00357,24290,384.4
D,0.15,1,1,matched,1,ifo001,0.07404,0.001344,0.00191,24290,413.4
D,0.15,1,1,matched,1,ifo002,0.07822,0.00139,0.00037,24290,413.4
D,0.15,1,1,matched,1,ifo003,0.06616,0.001379,0.0029,24290,413.4
D,0.15,1,1,matched,2,ifo001,0.07609,0.001335,0.00094,24290,415.0
D,0.15,1,1,matched,2,ifo002,0.07184,0.001388,0.0005,24290,415.0
D,0.15,1,1,matched,2,ifo003,0.07609,0.001383,0.00139,24290,415.0
D,0.15,1,1,matched,3,ifo001,0.06932,0.00134,0.00109,24290,399.1
D,0.15,1,1,matched,3,ifo002,0.07553,0.001385,0.00037,24290,399.1
D,0.15,1,1,matched,3,ifo003,0.07403,0.001376,0.0019,24290,399.1
D,0.15,1,1,matched,4,ifo001,0.08045,0.001328,0.00073,24290,446.6
D,0.15,1,1,matched,4,ifo002,0.07729,0.001382,0.00131,24290,446.6
D,0.15,1,1,matched,4,ifo003,0.0681,0.001386,0.00295,24290,446.6
D,0.15,1,1,0.3,0,ifo001,0.06543,0.002719,0.00111,24290,268.7
D,0.15,1,1,0.3,0,ifo002,0.06937,0.00284,0.00156,24290,268.7
D,0.15,1,1,0.3,0,ifo003,0.061,0.002782,0.00443,24290,268.7
D,0.15,1,1,0.3,1,ifo001,0.06398,0.002729,0.00241,24290,275.2
D,0.15,1,1,0.3,1,ifo002,0.06586,0.002843,0.00014,24290,275.2
D,0.15,1,1,0.3,1,ifo003,0.06487,0.002781,0.00268,24290,275.2
D,0.15,1,1,0.05,2,ifo001,0.10578,0.000553,0.00079,24290,644.3
D,0.15,1,1,0.05,2,ifo002,0.09859,0.000575,0.00051,24290,644.3
D,0.15,1,1,0.05,2,ifo003,0.10177,0.000581,0.00136,24290,644.3
D,0.15,1,1,0.3,2,ifo001,0.06331,0.002718,0.0012,24290,281.1
D,0.15,1,1,0.3,2,ifo002,0.06287,0.002838,0.00076,24290,281.1
D,0.15,1,1,0.3,2,ifo003,0.06623,0.002775,0.0013,24290,281.1
D,0.15,1,1,0.05,1,ifo001,0.1008,0.000548,0.00171,24290,720.5
D,0.15,1,1,0.05,1,ifo002,0.10614,0.000578,0.00025,24290,720.5
D,0.15,1,1,0.05,1,ifo003,0.08528,0.000579,0.00212,24290,720.5
D,0.15,1,1,0.05,0,ifo001,0.09249,0.00055,0.00082,24290,744.0
D,0.15,1,1,0.05,0,ifo002,0.10312,0.000573,0.00119,24290,744.0
D,0.15,1,1,0.05,0,ifo003,0.09734,0.000581,0.00205,24290,744.0
D,0.15,1,1,0.3,3,ifo001,0.06132,0.002719,0.00125,24290,289.3
D,0.15,1,1,0.3,3,ifo002,0.06464,0.002839,0.00036,24290,289.3
D,0.15,1,1,0.3,3,ifo003,0.06169,0.00278,0.00215,24290,289.3
D,0.15,1,1,0.3,4,ifo001,0.07309,0.002718,0.00066,24290,282.5
D,0.15,1,1,0.3,4,ifo002,0.06385,0.002834,0.00098,24290,282.5
D,0.15,1,1,0.3,4,ifo003,0.06201,0.002777,0.00289,24290,282.5
D,0.15,1,1,0.05,4,ifo001,0.1019,0.000547,0.00092,24290,637.5
D,0.15,1,1,0.05,4,ifo002,0.10723,0.000571,0.00104,24290,637.5
D,0.15,1,1,0.05,4,ifo003,0.09184,0.000583,0.00184,24290,637.5
D,0.15,1,1,0.05,3,ifo001,0.09289,0.000547,0.00093,24290,718.3
D,0.15,1,1,0.05,3,ifo002,0.10657,0.000571,0.0003,24290,718.3
D,0.15,1,1,0.05,3,ifo003,0.10194,0.000575,0.00172,24290,718.3
D,0.22,0,0,matched,0,ifo001,0.04885,0.002221,0.00087,24290,326.9
D,0.22,0,0,matched,0,ifo002,0.05475,0.002297,0.00245,24290,326.9
D,0.22,0,0,matched,0,ifo003,0.05075,0.002232,0.00574,24290,326.9
D,0.22,0,0,matched,1,ifo001,0.0467,0.002206,0.00116,24290,324.8
D,0.22,0,0,matched,1,ifo002,0.05631,0.002291,0.00095,24290,324.8
D,0.22,0,0,matched,1,ifo003,0.05024,0.002204,0.00318,24290,324.8
D,0.22,0,0,matched,3,ifo001,0.04733,0.002226,0.00084,24290,319.0
D,0.22,0,0,matched,3,ifo002,0.05647,0.0023,6e-05,24290,319.0
D,0.22,0,0,matched,3,ifo003,0.05927,0.002217,0.00062,24290,319.0
D,0.22,0,0,matched,2,ifo001,0.04704,0.00224,0.00013,24290,322.3
D,0.22,0,0,matched,2,ifo002,0.05999,0.002296,0.00043,24290,322.3
D,0.22,0,0,matched,2,ifo003,0.0497,0.002218,0.00025,24290,322.3
D,0.22,0,0,matched,4,ifo001,0.04915,0.0022,0.00195,24290,318.7
D,0.22,0,0,matched,4,ifo002,0.0482,0.002279,0.00054,24290,318.7
D,0.22,0,0,matched,4,ifo003,0.06098,0.002219,0.00197,24290,318.7
D,0.22,0,0,0.3,0,ifo001,0.05053,0.003029,0.00109,24290,258.0
D,0.22,0,0,0.3,0,ifo002,0.05813,0.003137,0.0018,24290,258.0
D,0.22,0,0,0.3,0,ifo003,0.05401,0.003079,0.00524,24290,258.0
D,0.22,0,0,0.3,1,ifo001,0.04726,0.003014,0.00161,24290,264.6
D,0.22,0,0,0.3,1,ifo002,0.05893,0.003128,0.00029,24290,264.6
D,0.22,0,0,0.3,1,ifo003,0.05228,0.003042,0.00248,24290,264.6
D,0.22,0,0,0.3,2,ifo001,0.04769,0.003055,0.00018,24290,255.8
D,0.22,0,0,0.3,2,ifo002,0.0624,0.003139,0.00035,24290,255.8
D,0.22,0,0,0.3,2,ifo003,0.05216,0.003044,0.00025,24290,255.8
D,0.22,0,0,0.05,0,ifo001,0.05304,0.000703,0.00048,24290,698.0
D,0.22,0,0,0.05,0,ifo002,0.05397,0.000732,0.00528,24290,698.0
D,0.22,0,0,0.05,0,ifo003,0.05284,0.000736,0.00507,24290,698.0
D,0.22,0,0,0.05,1,ifo001,0.05159,0.000689,0.00109,24290,695.8
D,0.22,0,0,0.05,1,ifo002,0.05968,0.000707,0.00173,24290,695.8
D,0.22,0,0,0.05,1,ifo003,0.05789,0.000719,0.00282,24290,695.8
D,0.22,0,0,0.05,2,ifo001,0.05588,0.000709,0.00018,24290,693.9
D,0.22,0,0,0.05,2,ifo002,0.06417,0.000741,0.00099,24290,693.9
D,0.22,0,0,0.05,2,ifo003,0.04534,0.000723,0.00048,24290,693.9
D,0.22,0,0,0.3,4,ifo001,0.04967,0.003013,0.00159,24290,247.8
D,0.22,0,0,0.3,4,ifo002,0.05063,0.00313,0.00066,24290,247.8
D,0.22,0,0,0.3,4,ifo003,0.06133,0.003047,0.00177,24290,247.8
D,0.22,0,0,0.3,3,ifo001,0.04726,0.003036,0.00109,24290,258.5
D,0.22,0,0,0.3,3,ifo002,0.05892,0.003144,9e-05,24290,258.5
D,0.22,0,0,0.3,3,ifo003,0.05911,0.003052,0.00068,24290,258.5
D,0.22,0,1,matched,0,ifo001,0.05233,0.002193,0.00104,24290,311.9
D,0.22,0,1,matched,0,ifo002,0.05865,0.002291,0.00337,24290,311.9
D,0.22,0,1,matched,0,ifo003,0.05163,0.002229,0.00772,24290,311.9
D,0.22,0,0,0.05,3,ifo001,0.05628,0.000702,0.0004,24290,688.4
D,0.22,0,0,0.05,3,ifo002,0.05758,0.000728,9e-05,24290,688.4
D,0.22,0,0,0.05,3,ifo003,0.06695,0.000729,0.00067,24290,688.4
D,0.22,0,0,0.05,4,ifo001,0.05992,0.00071,0.00097,24290,681.1
D,0.22,0,0,0.05,4,ifo002,0.05179,0.000725,0.0003,24290,681.1
D,0.22,0,0,0.05,4,ifo003,0.0688,0.00073,0.001,24290,681.1
D,0.22,0,1,matched,1,ifo001,0.05122,0.002179,0.00344,24290,343.7
D,0.22,0,1,matched,1,ifo002,0.0587,0.002279,0.00074,24290,343.7
D,0.22,0,1,matched,1,ifo003,0.05189,0.002207,0.00478,24290,343.7
D,0.22,0,1,matched,2,ifo001,0.0518,0.002201,0.00046,24290,339.5
D,0.22,0,1,matched,2,ifo002,0.05844,0.002279,0.00078,24290,339.5
D,0.22,0,1,matched,2,ifo003,0.05337,0.002223,0.00044,24290,339.5
D,0.22,0,1,matched,4,ifo001,0.06243,0.00217,0.00064,24290,311.2
D,0.22,0,1,matched,4,ifo002,0.05068,0.002262,0.00131,24290,311.2
D,0.22,0,1,matched,4,ifo003,0.06097,0.002228,0.00265,24290,311.2
D,0.22,0,1,matched,3,ifo001,0.05324,0.002201,0.00077,24290,334.4
D,0.22,0,1,matched,3,ifo002,0.05925,0.00229,0.00012,24290,334.4
D,0.22,0,1,matched,3,ifo003,0.05887,0.002204,0.00057,24290,334.4
D,0.22,0,1,0.3,1,ifo001,0.0525,0.002971,0.00397,24290,255.4
D,0.22,0,1,0.3,1,ifo002,0.0602,0.003099,0.00027,24290,255.4
D,0.22,0,1,0.3,1,ifo003,0.05499,0.003029,0.00394,24290,255.4
D,0.22,0,1,0.3,0,ifo001,0.05466,0.002982,0.00111,24290,278.2
D,0.22,0,1,0.3,0,ifo002,0.06026,0.003107,0.00281,24290,278.2
D,0.22,0,1,0.3,0,ifo003,0.05411,0.003058,0.00712,24290,278.2
D,0.22,0,1,0.3,2,ifo001,0.05219,0.002988,0.0006,24290,263.4
D,0.22,0,1,0.3,2,ifo002,0.06103,0.003095,0.00088,24290,263.4
D,0.22,0,1,0.3,2,ifo003,0.05511,0.003024,0.00043,24290,263.4
D,0.22,0,1,0.05,0,ifo001,0.05316,0.000688,0.0004,24290,774.3
D,0.22,0,1,0.05,0,ifo002,0.06393,0.000718,0.00418,24290,774.3
D,0.22,0,1,0.05,0,ifo003,0.05627,0.000714,0.00517,24290,774.3
D,0.22,0,1,0.05,3,ifo001,0.06354,0.000681,0.00084,24290,674.1
D,0.22,0,1,0.05,3,ifo002,0.06332,0.000709,0.00027,24290,674.1
D,0.22,0,1,0.05,3,ifo003,0.07121,0.000714,0.00057,24290,674.1
D,0.22,0,1,0.3,3,ifo001,0.05302,0.002989,0.00087,24290,275.1
D,0.22,0,1,0.3,3,ifo002,0.06131,0.003103,0.00017,24290,275.1
D,0.22,0,1,0.3,3,ifo003,0.05884,0.003021,0.00066,24290,275.1
D,0.22,0,1,0.3,4,ifo001,0.06557,0.002971,0.00068,24290,274.7
D,0.22,0,1,0.3,4,ifo002,0.05228,0.003095,0.00107,24290,274.7
D,0.22,0,1,0.3,4,ifo003,0.0617,0.003032,0.00229,24290,274.7
D,0.22,0,1,0.05,1,ifo001,0.06544,0.000673,0.00272,24290,758.9
D,0.22,0,1,0.05,1,ifo002,0.06561,0.000701,0.00082,24290,758.9
D,0.22,0,1,0.05,1,ifo003,0.05618,0.000706,0.00321,24290,758.9
D,0.22,0,1,0.05,2,ifo001,0.07046,0.000691,0.00021,24290,778.4
D,0.22,0,1,0.05,2,ifo002,0.06042,0.000719,0.00105,24290,778.4
D,0.22,0,1,0.05,2,ifo003,0.05657,0.000712,0.00063,24290,778.4
D,0.22,1,0,matched,0,ifo001,0.06066,0.002004,0.00063,24290,346.0
D,0.22,1,0,matched,0,ifo002,0.06186,0.002082,0.00195,24290,346.0
D,0.22,1,0,matched,0,ifo003,0.05979,0.002056,0.0035,24290,346.0
D,0.22,0,1,0.05,4,ifo001,0.07065,0.000695,0.00026,24290,763.0
D,0.22,0,1,0.05,4,ifo002,0.05845,0.000705,0.00128,24290,763.0
D,0.22,0,1,0.05,4,ifo003,0.07022,0.000718,0.00095,24290,763.0
D,0.22,1,0,matched,1,ifo001,0.05863,0.001998,0.00164,24290,319.3
D,0.22,1,0,matched,1,ifo002,0.06706,0.002082,0.00035,24290,319.3
D,0.22,1,0,matched,1,ifo003,0.05533,0.002036,0.00241,24290,319.3
D,0.22,1,0,matched,2,ifo001,0.06067,0.002007,0.00055,24290,318.3
D,0.22,1,0,matched,2,ifo002,0.05661,0.002085,0.00074,24290,318.3
D,0.22,1,0,matched,2,ifo003,0.06496,0.002042,0.00114,24290,318.3
D,0.22,1,0,matched,4,ifo001,0.06806,0.001988,0.00097,24290,315.7
D,0.22,1,0,matched,4,ifo002,0.06232,0.00207,0.00096,24290,315.7
D,0.22,1,0,matched,4,ifo003,0.06017,0.002055,0.00339,24290,315.7
D,0.22,1,0,matched,3,ifo001,0.05738,0.002006,0.00076,24290,326.2
D,0.22,1,0,matched,3,ifo002,0.06447,0.002083,0.00024,24290,326.2
D,0.22,1,0,matched,3,ifo003,0.07188,0.002042,0.00129,24290,326.2
D,0.22,1,0,0.3,0,ifo001,0.05952,0.002756,0.00074,24290,250.2
D,0.22,1,0,0.3,0,ifo002,0.06037,0.002874,0.00155,24290,250.2
D,0.22,1,0,0.3,0,ifo003,0.05866,0.002823,0.00357,24290,250.2
D,0.22,1,0,0.3,1,ifo001,0.05673,0.002754,0.00177,24290,254.9
D,0.22,1,0,0.3,1,ifo002,0.06523,0.002876,0.00019,24290,254.9
D,0.22,1,0,0.3,1,ifo003,0.05723,0.002803,0.00198,24290,254.9
D,0.22,1,0,0.3,2,ifo001,0.05718,0.002769,0.00051,24290,268.8
D,0.22,1,0,0.3,2,ifo002,0.05631,0.002876,0.00057,24290,268.8
D,0.22,1,0,0.3,2,ifo003,0.06237,0.002808,0.00089,24290,268.8
D,0.22,1,0,0.05,0,ifo001,0.07911,0.000599,0.00081,24290,714.4
D,0.22,1,0,0.05,0,ifo002,0.0874,0.000628,0.00186,24290,714.4
D,0.22,1,0,0.05,0,ifo003,0.08519,0.000637,0.00155,24290,714.4
D,0.22,1,0,0.3,3,ifo001,0.05496,0.00276,0.00084,24290,254.2
D,0.22,1,0,0.3,3,ifo002,0.06276,0.002877,0.00022,24290,254.2
D,0.22,1,0,0.3,3,ifo003,0.06797,0.002804,0.00129,24290,254.2
D,0.22,1,0,0.3,4,ifo001,0.06468,0.002745,0.00095,24290,251.3
D,0.22,1,0,0.3,4,ifo002,0.05922,0.002866,0.00099,24290,251.3
D,0.22,1,0,0.3,4,ifo003,0.05993,0.002816,0.00315,24290,251.3
D,0.22,1,0,0.05,1,ifo001,0.0877,0.000596,0.00154,24290,786.4
D,0.22,1,0,0.05,1,ifo002,0.09689,0.000626,0.00033,24290,786.4
D,0.22,1,0,0.05,1,ifo003,0.0717,0.000627,0.00187,24290,786.4
D,0.22,1,0,0.05,2,ifo001,0.09568,0.00061,0.00064,24290,799.3
D,0.22,1,0,0.05,2,ifo002,0.07365,0.000623,0.00102,24290,799.3
D,0.22,1,0,0.05,2,ifo003,0.08784,0.000628,0.00131,24290,799.3
D,0.22,1,0,0.05,3,ifo001,0.08515,0.000601,0.00064,24290,720.1
D,0.22,1,0,0.05,3,ifo002,0.09846,0.000625,0.0003,24290,720.1
D,0.22,1,0,0.05,3,ifo003,0.10048,0.000626,0.00157,24290,720.1
D,0.22,1,1,matched,0,ifo001,0.06914,0.002025,0.00131,24290,333.1
D,0.22,1,1,matched,0,ifo002,0.07413,0.002107,0.00258,24290,333.1
D,0.22,1,1,matched,0,ifo003,0.06675,0.00209,0.00542,24290,333.1
D,0.22,1,0,0.05,4,ifo001,0.09376,0.000601,0.00068,24290,680.6
D,0.22,1,0,0.05,4,ifo002,0.10052,0.000621,0.00091,24290,680.6
D,0.22,1,0,0.05,4,ifo003,0.07592,0.000633,0.00266,24290,680.6
D,0.22,1,1,matched,1,ifo001,0.0686,0.002028,0.00327,24290,347.0
D,0.22,1,1,matched,1,ifo002,0.07268,0.002104,0.00039,24290,347.0
D,0.22,1,1,matched,1,ifo003,0.06507,0.002072,0.00362,24290,347.0
D,0.22,1,1,matched,2,ifo001,0.06904,0.00202,0.00128,24290,321.3
D,0.22,1,1,matched,2,ifo002,0.06581,0.002107,0.00073,24290,321.3
D,0.22,1,1,matched,2,ifo003,0.07332,0.002073,0.00145,24290,321.3
D,0.22,1,1,matched,3,ifo001,0.06481,0.002024,0.00146,24290,341.2
D,0.22,1,1,matched,3,ifo002,0.06986,0.002105,0.00026,24290,341.2
D,0.22,1,1,matched,3,ifo003,0.07208,0.002066,0.00198,24290,341.2
D,0.22,1,1,matched,4,ifo001,0.081,0.002011,0.00081,24290,322.5
D,0.22,1,1,matched,4,ifo002,0.06981,0.002092,0.00172,24290,322.5
D,0.22,1,1,matched,4,ifo003,0.06599,0.002089,0.00375,24290,322.5
D,0.22,1,1,0.3,0,ifo001,0.06698,0.002771,0.00137,24290,257.2
D,0.22,1,1,0.3,0,ifo002,0.07189,0.002887,0.00235,24290,257.2
D,0.22,1,1,0.3,0,ifo003,0.06436,0.00283,0.0057,24290,257.2
D,0.22,1,1,0.3,1,ifo001,0.06592,0.00277,0.00351,24290,248.1
D,0.22,1,1,0.3,1,ifo002,0.06918,0.002887,0.00023,24290,248.1
D,0.22,1,1,0.3,1,ifo003,0.06615,0.002825,0.00339,24290,248.1
D,0.22,1,1,0.3,2,ifo001,0.06467,0.002767,0.00148,24290,332.8
D,0.22,1,1,0.3,2,ifo002,0.06429,0.002883,0.00083,24290,332.8
D,0.22,1,1,0.3,2,ifo003,0.0698,0.002821,0.00135,24290,332.8
D,0.22,1,1,0.05,1,ifo001,0.10618,0.000605,0.00254,24290,716.3
D,0.22,1,1,0.05,1,ifo002,0.10565,0.000642,0.00033,24290,716.3
D,0.22,1,1,0.05,1,ifo003,0.08343,0.000638,0.00268,24290,716.3
D,0.22,1,1,0.05,0,ifo001,0.09277,0.00061,0.001,24290,746.7
D,0.22,1,1,0.05,0,ifo002,0.10318,0.000632,0.00185,24290,746.7
D,0.22,1,1,0.05,0,ifo003,0.0974,0.000644,0.00281,24290,746.7
D,0.22,1,1,0.3,3,ifo001,0.06261,0.002772,0.00155,24290,252.9
D,0.22,1,1,0.3,3,ifo002,0.0676,0.002887,0.00028,24290,252.9
D,0.22,1,1,0.3,3,ifo003,0.06745,0.002823,0.00211,24290,252.9
D,0.22,1,1,0.05,2,ifo001,0.11089,0.000611,0.00098,24290,747.5
D,0.22,1,1,0.05,2,ifo002,0.09548,0.000635,0.00096,24290,747.5
D,0.22,1,1,0.05,2,ifo003,0.10427,0.00064,0.00146,24290,747.5
D,0.22,1,1,0.05,3,ifo001,0.09535,0.000606,0.0012,24290,743.6
D,0.22,1,1,0.05,3,ifo002,0.10858,0.00063,0.0002,24290,743.6
D,0.22,1,1,0.05,3,ifo003,0.10893,0.000635,0.00189,24290,743.6
D,0.22,1,1,0.3,4,ifo001,0.07956,0.002764,0.00077,24290,257.5
D,0.22,1,1,0.3,4,ifo002,0.06573,0.002876,0.00144,24290,257.5
D,0.22,1,1,0.3,4,ifo003,0.06515,0.002829,0.0036,24290,257.5
D,0.22,1,1,0.05,4,ifo001,0.10753,0.000605,0.00114,24290,665.1
D,0.22,1,1,0.05,4,ifo002,0.1079,0.000635,0.00166,24290,665.1
D,0.22,1,1,0.05,4,ifo003,0.09348,0.000646,0.00214,24290,665.1
D,0.3,0,0,matched,0,ifo001,0.05531,0.003138,0.00138,24290,337.7
D,0.3,0,0,matched,0,ifo002,0.06539,0.003243,0.00275,24290,337.7
D,0.3,0,0,matched,0,ifo003,0.05942,0.003196,0.00716,24290,337.7
D,0.3,0,0,matched,1,ifo001,0.05274,0.003114,0.00193,24290,320.5
D,0.3,0,0,matched,1,ifo002,0.06579,0.003224,0.00083,24290,320.5
D,0.3,0,0,matched,1,ifo003,0.0572,0.00314,0.00351,24290,320.5
D,0.3,0,0,matched,2,ifo001,0.05283,0.003162,0.00018,24290,322.9
D,0.3,0,0,matched,2,ifo002,0.07121,0.00325,0.00077,24290,322.9
D,0.3,0,0,matched,2,ifo003,0.05805,0.003149,0.00061,24290,322.9
D,0.3,0,0,matched,3,ifo001,0.05253,0.003147,0.00141,24290,326.3
D,0.3,0,0,matched,3,ifo002,0.0671,0.003254,9e-05,24290,326.3
D,0.3,0,0,matched,3,ifo003,0.07113,0.003147,0.00052,24290,326.3
D,0.3,0,0,matched,4,ifo001,0.05568,0.003103,0.00271,24290,319.2
D,0.3,0,0,matched,4,ifo002,0.05471,0.003234,0.00076,24290,319.2
D,0.3,0,0,matched,4,ifo003,0.06986,0.003148,0.00224,24290,319.2
D,0.3,0,0,0.3,0,ifo001,0.05531,0.003138,0.00138,24290,299.7
D,0.3,0,0,0.3,0,ifo002,0.06539,0.003243,0.00275,24290,299.7
D,0.3,0,0,0.3,0,ifo003,0.05942,0.003196,0.00716,24290,299.7
D,0.3,0,0,0.3,1,ifo001,0.05274,0.003114,0.00193,24290,316.8
D,0.3,0,0,0.3,1,ifo002,0.06579,0.003224,0.00083,24290,316.8
D,0.3,0,0,0.3,1,ifo003,0.0572,0.00314,0.00351,24290,316.8
D,0.3,0,0,0.3,2,ifo001,0.05283,0.003162,0.00018,24290,322.9
D,0.3,0,0,0.3,2,ifo002,0.07121,0.00325,0.00077,24290,322.9
D,0.3,0,0,0.3,2,ifo003,0.05805,0.003149,0.00061,24290,322.9
D,0.3,0,0,0.05,1,ifo001,0.06407,0.000754,0.00181,24290,703.6
D,0.3,0,0,0.05,1,ifo002,0.07263,0.000774,0.0023,24290,703.6
D,0.3,0,0,0.05,1,ifo003,0.07216,0.000786,0.00414,24290,703.6
D,0.3,0,0,0.05,0,ifo001,0.06526,0.000775,0.00085,24290,738.6
D,0.3,0,0,0.05,0,ifo002,0.06478,0.000805,0.00838,24290,738.6
D,0.3,0,0,0.05,0,ifo003,0.06347,0.000812,0.00725,24290,738.6
D,0.3,0,0,0.05,2,ifo001,0.06711,0.000782,0.00017,24290,738.6
D,0.3,0,0,0.05,2,ifo002,0.07906,0.000816,0.0015,24290,738.6
D,0.3,0,0,0.05,2,ifo003,0.05453,0.000789,0.00089,24290,738.6
D,0.3,0,0,0.3,3,ifo001,0.05253,0.003147,0.00141,24290,281.9
D,0.3,0,0,0.3,3,ifo002,0.0671,0.003254,9e-05,24290,281.9
D,0.3,0,0,0.3,3,ifo003,0.07113,0.003147,0.00052,24290,281.9
D,0.3,0,0,0.05,3,ifo001,0.06784,0.000772,0.00053,24290,726.1
D,0.3,0,0,0.05,3,ifo002,0.07098,0.000802,6e-05,24290,726.1
D,0.3,0,0,0.05,3,ifo003,0.08478,0.000803,0.00059,24290,726.1
D,0.3,0,0,0.3,4,ifo001,0.05568,0.003103,0.00271,24290,295.6
D,0.3,0,0,0.3,4,ifo002,0.05471,0.003234,0.00076,24290,295.6
D,0.3,0,0,0.3,4,ifo003,0.06986,0.003148,0.00224,24290,295.6
D,0.3,0,1,matched,0,ifo001,0.05978,0.003063,0.00154,24290,300.6
D,0.3,0,1,matched,0,ifo002,0.06764,0.003187,0.00388,24290,300.6
D,0.3,0,1,matched,0,ifo003,0.06012,0.003145,0.00933,24290,300.6
D,0.3,0,0,0.05,4,ifo001,0.07352,0.000784,0.00149,24290,728.7
D,0.3,0,0,0.05,4,ifo002,0.06319,0.000797,0.00045,24290,728.7
D,0.3,0,0,0.05,4,ifo003,0.08557,0.000801,0.0011,24290,728.7
D,0.3,0,1,matched,1,ifo001,0.05736,0.00305,0.00511,24290,304.3
D,0.3,0,1,matched,1,ifo002,0.06762,0.003168,0.00073,24290,304.3
D,0.3,0,1,matched,1,ifo003,0.05929,0.003103,0.00526,24290,304.3
D,0.3,0,1,matched,2,ifo001,0.05767,0.003067,0.00087,24290,289.2
D,0.3,0,1,matched,2,ifo002,0.06849,0.003175,0.00092,24290,289.2
D,0.3,0,1,matched,2,ifo003,0.06168,0.003105,0.00069,24290,289.2
D,0.3,0,1,matched,3,ifo001,0.05919,0.003073,0.00117,24290,300.9
D,0.3,0,1,matched,3,ifo002,0.07004,0.003178,0.0002,24290,300.9
D,0.3,0,1,matched,3,ifo003,0.06875,0.003096,0.00072,24290,300.9
D,0.3,0,1,matched,4,ifo001,0.07499,0.003043,0.00093,24290,307.1
D,0.3,0,1,matched,4,ifo002,0.05716,0.003172,0.0014,24290,307.1
D,0.3,0,1,matched,4,ifo003,0.06924,0.003118,0.00302,24290,307.1
D,0.3,0,1,0.3,0,ifo001,0.05978,0.003063,0.00154,24290,303.4
D,0.3,0,1,0.3,0,ifo002,0.06764,0.003187,0.00388,24290,303.4
D,0.3,0,1,0.3,0,ifo003,0.06012,0.003145,0.00933,24290,303.4
D,0.3,0,1,0.3,1,ifo001,0.05736,0.00305,0.00511,24290,289.2
D,0.3,0,1,0.3,1,ifo002,0.06762,0.003168,0.00073,24290,289.2
D,0.3,0,1,0.3,1,ifo003,0.05929,0.003103,0.00526,24290,289.2
D,0.3,0,1,0.3,2,ifo001,0.05767,0.003067,0.00087,24290,298.0
D,0.3,0,1,0.3,2,ifo002,0.06849,0.003175,0.00092,24290,298.0
D,0.3,0,1,0.3,2,ifo003,0.06168,0.003105,0.00069,24290,298.0
D,0.3,0,1,0.05,0,ifo001,0.06389,0.000744,0.00074,24290,688.7
D,0.3,0,1,0.05,0,ifo002,0.077,0.00077,0.00561,24290,688.7
D,0.3,0,1,0.05,0,ifo003,0.06716,0.000771,0.00689,24290,688.7
D,0.3,0,1,0.05,1,ifo001,0.08084,0.000723,0.00378,24290,680.8
D,0.3,0,1,0.05,1,ifo002,0.08009,0.000753,0.00127,24290,680.8
D,0.3,0,1,0.05,1,ifo003,0.06897,0.00076,0.00403,24290,680.8
D,0.3,0,1,0.05,2,ifo001,0.08426,0.000749,0.00037,24290,687.2
D,0.3,0,1,0.05,2,ifo002,0.07105,0.000778,0.00169,24290,687.2
D,0.3,0,1,0.05,2,ifo003,0.0673,0.000768,0.00092,24290,687.2
D,0.3,0,1,0.3,3,ifo001,0.05919,0.003073,0.00117,24290,305.6
D,0.3,0,1,0.3,3,ifo002,0.07004,0.003178,0.0002,24290,305.6
D,0.3,0,1,0.3,3,ifo003,0.06875,0.003096,0.00072,24290,305.6
D,0.3,0,1,0.3,4,ifo001,0.07499,0.003043,0.00093,24290,307.2
D,0.3,0,1,0.3,4,ifo002,0.05716,0.003172,0.0014,24290,307.2
D,0.3,0,1,0.3,4,ifo003,0.06924,0.003118,0.00302,24290,307.2
D,0.3,0,1,0.05,3,ifo001,0.07552,0.000736,0.00134,24290,733.0
D,0.3,0,1,0.05,3,ifo002,0.07666,0.000768,0.00067,24290,733.0
D,0.3,0,1,0.05,3,ifo003,0.08945,0.000771,0.00066,24290,733.0
D,0.3,0,1,0.05,4,ifo001,0.08848,0.000752,0.0004,24290,727.8
D,0.3,0,1,0.05,4,ifo002,0.0705,0.000763,0.00175,24290,727.8
D,0.3,0,1,0.05,4,ifo003,0.08696,0.000774,0.00103,24290,727.8
D,0.3,1,0,matched,0,ifo001,0.06183,0.002854,0.00093,24290,321.1
D,0.3,1,0,matched,0,ifo002,0.06522,0.002977,0.00229,24290,321.1
D,0.3,1,0,matched,0,ifo003,0.06302,0.002928,0.00472,24290,321.1
D,0.3,1,0,matched,1,ifo001,0.05929,0.002853,0.00245,24290,315.1
D,0.3,1,0,matched,1,ifo002,0.07019,0.002972,0.0004,24290,315.1
D,0.3,1,0,matched,1,ifo003,0.05928,0.002896,0.00256,24290,315.1
D,0.3,1,0,matched,2,ifo001,0.05988,0.002873,0.0006,24290,327.9
D,0.3,1,0,matched,2,ifo002,0.06098,0.002977,0.00124,24290,327.9
D,0.3,1,0,matched,2,ifo003,0.0676,0.002901,0.00149,24290,327.9
D,0.3,1,0,matched,4,ifo001,0.06967,0.002836,0.00143,24290,296.4
D,0.3,1,0,matched,4,ifo002,0.06114,0.002965,0.00108,24290,296.4
D,0.3,1,0,matched,4,ifo003,0.0654,0.002915,0.00379,24290,296.4
D,0.3,1,0,matched,3,ifo001,0.05748,0.002862,0.00106,24290,320.6
D,0.3,1,0,matched,3,ifo002,0.06755,0.002977,0.0001,24290,320.6
D,0.3,1,0,matched,3,ifo003,0.07783,0.0029,0.00107,24290,320.6
D,0.3,1,0,0.3,0,ifo001,0.06183,0.002854,0.00093,24290,293.0
D,0.3,1,0,0.3,0,ifo002,0.06522,0.002977,0.00229,24290,293.0
D,0.3,1,0,0.3,0,ifo003,0.06302,0.002928,0.00472,24290,293.0
D,0.3,1,0,0.3,1,ifo001,0.05929,0.002853,0.00245,24290,306.9
D,0.3,1,0,0.3,1,ifo002,0.07019,0.002972,0.0004,24290,306.9
D,0.3,1,0,0.3,1,ifo003,0.05928,0.002896,0.00256,24290,306.9
D,0.3,1,0,0.3,2,ifo001,0.05988,0.002873,0.0006,24290,311.5
D,0.3,1,0,0.3,2,ifo002,0.06098,0.002977,0.00124,24290,311.5
D,0.3,1,0,0.3,2,ifo003,0.0676,0.002901,0.00149,24290,311.5
D,0.3,1,0,0.05,1,ifo001,0.09163,0.00066,0.00223,24290,728.1
D,0.3,1,0,0.05,1,ifo002,0.0994,0.000691,0.00057,24290,728.1
D,0.3,1,0,0.05,1,ifo003,0.07343,0.000693,0.00225,24290,728.1
D,0.3,1,0,0.05,0,ifo001,0.08135,0.000661,0.00109,24290,759.2
D,0.3,1,0,0.05,0,ifo002,0.0873,0.000691,0.00334,24290,759.2
D,0.3,1,0,0.05,0,ifo003,0.08679,0.000702,0.00253,24290,759.2
D,0.3,1,0,0.3,3,ifo001,0.05748,0.002862,0.00106,24290,305.6
D,0.3,1,0,0.3,3,ifo002,0.06755,0.002977,0.0001,24290,305.6
D,0.3,1,0,0.3,3,ifo003,0.07783,0.0029,0.00107,24290,305.6
D,0.3,1,0,0.05,3,ifo001,0.08917,0.000666,0.00073,24290,742.5
D,0.3,1,0,0.05,3,ifo002,0.10211,0.000688,0.00019,24290,742.5
D,0.3,1,0,0.05,3,ifo003,0.10978,0.000692,0.0015,24290,742.5
D,0.3,1,0,0.3,4,ifo001,0.06967,0.002836,0.00143,24290,288.1
D,0.3,1,0,0.3,4,ifo002,0.06114,0.002965,0.00108,24290,288.1
D,0.3,1,0,0.3,4,ifo003,0.0654,0.002915,0.00379,24290,288.1
D,0.3,1,0,0.05,2,ifo001,0.09869,0.000675,0.00071,24290,797.9
D,0.3,1,0,0.05,2,ifo002,0.0742,0.00069,0.00177,24290,797.9
D,0.3,1,0,0.05,2,ifo003,0.08944,0.000693,0.00154,24290,797.9
D,0.3,1,1,matched,0,ifo001,0.06979,0.002859,0.00177,24290,302.9
D,0.3,1,1,matched,0,ifo002,0.07658,0.002972,0.00323,24290,302.9
D,0.3,1,1,matched,0,ifo003,0.06879,0.00292,0.00719,24290,302.9
D,0.3,1,0,0.05,4,ifo001,0.09914,0.000664,0.00094,24290,736.5
D,0.3,1,0,0.05,4,ifo002,0.10222,0.000684,0.00101,24290,736.5
D,0.3,1,0,0.05,4,ifo003,0.07942,0.000697,0.00329,24290,736.5
D,0.3,1,1,matched,1,ifo001,0.06836,0.002862,0.00498,24290,329.4
D,0.3,1,1,matched,1,ifo002,0.07415,0.002964,0.0005,24290,329.4
D,0.3,1,1,matched,1,ifo003,0.06808,0.0029,0.00416,24290,329.4
D,0.3,1,1,matched,2,ifo001,0.06781,0.002856,0.00177,24290,327.8
D,0.3,1,1,matched,2,ifo002,0.06802,0.002962,0.00105,24290,327.8
D,0.3,1,1,matched,2,ifo003,0.07506,0.002898,0.00176,24290,327.8
D,0.3,1,1,matched,3,ifo001,0.06532,0.00286,0.00188,24290,331.1
D,0.3,1,1,matched,3,ifo002,0.07251,0.002967,0.00019,24290,331.1
D,0.3,1,1,matched,3,ifo003,0.07573,0.0029,0.00205,24290,331.1
D,0.3,1,1,matched,4,ifo001,0.08749,0.002845,0.00096,24290,320.5
D,0.3,1,1,matched,4,ifo002,0.06877,0.002958,0.00189,24290,320.5
D,0.3,1,1,matched,4,ifo003,0.06942,0.002917,0.00428,24290,320.5
D,0.3,1,1,0.3,0,ifo001,0.06979,0.002859,0.00177,24290,314.2
D,0.3,1,1,0.3,0,ifo002,0.07658,0.002972,0.00323,24290,314.2
D,0.3,1,1,0.3,0,ifo003,0.06879,0.00292,0.00719,24290,314.2
D,0.3,1,1,0.3,1,ifo001,0.06836,0.002862,0.00498,24290,307.5
D,0.3,1,1,0.3,1,ifo002,0.07415,0.002964,0.0005,24290,307.5
D,0.3,1,1,0.3,1,ifo003,0.06808,0.0029,0.00416,24290,307.5
D,0.3,1,1,0.3,2,ifo001,0.06781,0.002856,0.00177,24290,307.7
D,0.3,1,1,0.3,2,ifo002,0.06802,0.002962,0.00105,24290,307.7
D,0.3,1,1,0.3,2,ifo003,0.07506,0.002898,0.00176,24290,307.7
D,0.3,1,1,0.05,0,ifo001,0.09579,0.000669,0.00131,24290,748.3
D,0.3,1,1,0.05,0,ifo002,0.10753,0.000689,0.00272,24290,748.3
D,0.3,1,1,0.05,0,ifo003,0.1017,0.000707,0.00397,24290,748.3
D,0.3,1,1,0.05,2,ifo001,0.11773,0.000668,0.00123,24290,737.9
D,0.3,1,1,0.05,2,ifo002,0.09332,0.000693,0.0017,24290,737.9
D,0.3,1,1,0.05,2,ifo003,0.1085,0.000699,0.00175,24290,737.9
D,0.3,1,1,0.05,1,ifo001,0.11282,0.000661,0.00365,24290,827.3
D,0.3,1,1,0.05,1,ifo002,0.1079,0.000702,0.00051,24290,827.3
D,0.3,1,1,0.05,1,ifo003,0.08474,0.000689,0.00324,24290,827.3
D,0.3,1,1,0.05,3,ifo001,0.09912,0.000664,0.00155,24290,743.5
D,0.3,1,1,0.05,3,ifo002,0.11311,0.000687,0.00019,24290,743.5
D,0.3,1,1,0.05,3,ifo003,0.11964,0.000689,0.00189,24290,743.5
D,0.3,1,1,0.3,3,ifo001,0.06532,0.00286,0.00188,24290,308.5
D,0.3,1,1,0.3,3,ifo002,0.07251,0.002967,0.00019,24290,308.5
D,0.3,1,1,0.3,3,ifo003,0.07573,0.0029,0.00205,24290,308.5
D,0.4,0,0,matched,0,ifo001,0.06219,0.004361,0.00197,24290,308.2
D,0.4,0,0,matched,0,ifo002,0.07767,0.004462,0.00307,24290,308.2
D,0.4,0,0,matched,0,ifo003,0.06894,0.004429,0.00853,24290,308.2
D,0.3,1,1,0.3,4,ifo001,0.08749,0.002845,0.00096,24290,309.9
D,0.3,1,1,0.3,4,ifo002,0.06877,0.002958,0.00189,24290,309.9
D,0.3,1,1,0.3,4,ifo003,0.06942,0.002917,0.00428,24290,309.9
D,0.3,1,1,0.05,4,ifo001,0.11738,0.000662,0.00134,24290,732.7
D,0.3,1,1,0.05,4,ifo002,0.11148,0.000694,0.00224,24290,732.7
D,0.3,1,1,0.05,4,ifo003,0.10024,0.000705,0.00222,24290,732.7
D,0.4,0,0,matched,1,ifo001,0.05933,0.004329,0.00303,24290,307.9
D,0.4,0,0,matched,1,ifo002,0.07672,0.004447,0.00075,24290,307.9
D,0.4,0,0,matched,1,ifo003,0.06492,0.004351,0.0037,24290,307.9
D,0.4,0,0,matched,2,ifo001,0.05983,0.004396,0.00029,24290,312.3
D,0.4,0,0,matched,2,ifo002,0.08433,0.004482,0.00131,24290,312.3
D,0.4,0,0,matched,2,ifo003,0.06649,0.004391,0.00141,24290,312.3
D,0.4,0,0,matched,3,ifo001,0.05811,0.004375,0.00205,24290,308.9
D,0.4,0,0,matched,3,ifo002,0.07931,0.004497,0.0003,24290,308.9
D,0.4,0,0,matched,3,ifo003,0.0834,0.004376,0.00041,24290,308.9
D,0.4,0,0,matched,4,ifo001,0.06386,0.004312,0.0033,24290,301.1
D,0.4,0,0,matched,4,ifo002,0.06141,0.004462,0.00109,24290,301.1
D,0.4,0,0,matched,4,ifo003,0.07809,0.004387,0.00237,24290,301.1
D,0.4,0,0,0.3,0,ifo001,0.06202,0.00329,0.00175,24290,351.8
D,0.4,0,0,0.3,0,ifo002,0.07459,0.00341,0.00402,24290,351.8
D,0.4,0,0,0.3,0,ifo003,0.06573,0.003361,0.00967,24290,351.8
D,0.4,0,0,0.3,1,ifo001,0.0594,0.003265,0.00275,24290,364.5
D,0.4,0,0,0.3,1,ifo002,0.07547,0.003368,0.00145,24290,364.5
D,0.4,0,0,0.3,1,ifo003,0.06395,0.003292,0.0045,24290,364.5
D,0.4,0,0,0.3,2,ifo001,0.05925,0.003326,0.00026,24290,376.9
D,0.4,0,0,0.3,2,ifo002,0.08214,0.003403,0.00133,24290,376.9
D,0.4,0,0,0.3,2,ifo003,0.06473,0.003305,0.00136,24290,376.9
D,0.4,0,0,0.05,0,ifo001,0.07912,0.000852,0.0014,24290,683.5
D,0.4,0,0,0.05,0,ifo002,0.07688,0.000884,0.01245,24290,683.5
D,0.4,0,0,0.05,0,ifo003,0.07588,0.000896,0.00988,24290,683.5
D,0.4,0,0,0.05,3,ifo001,0.08041,0.000852,0.00072,24290,682.6
D,0.4,0,0,0.05,3,ifo002,0.08568,0.000887,7e-05,24290,682.6
D,0.4,0,0,0.05,3,ifo003,0.10582,0.000879,0.00048,24290,682.6
D,0.4,0,0,0.05,2,ifo001,0.08051,0.000863,0.00024,24290,781.8
D,0.4,0,0,0.05,2,ifo002,0.0964,0.000897,0.00223,24290,781.8
D,0.4,0,0,0.05,2,ifo003,0.06577,0.000866,0.00161,24290,781.8
D,0.4,0,0,0.05,1,ifo001,0.07724,0.00083,0.00295,24290,804.6
D,0.4,0,0,0.05,1,ifo002,0.08722,0.000847,0.00276,24290,804.6
D,0.4,0,0,0.05,1,ifo003,0.08955,0.000859,0.00557,24290,804.6
D,0.4,0,0,0.05,4,ifo001,0.08901,0.000857,0.00228,24290,720.5
D,0.4,0,0,0.05,4,ifo002,0.07568,0.000873,0.00085,24290,720.5
D,0.4,0,0,0.05,4,ifo003,0.10254,0.000879,0.00117,24290,720.5
D,0.4,0,0,0.3,3,ifo001,0.05992,0.003306,0.00177,24290,347.9
D,0.4,0,0,0.3,3,ifo002,0.0783,0.003406,0.00017,24290,347.9
D,0.4,0,0,0.3,3,ifo003,0.08645,0.003304,0.00049,24290,347.9
D,0.4,0,1,matched,0,ifo001,0.0682,0.0042,0.00221,24290,314.6
D,0.4,0,1,matched,0,ifo002,0.07751,0.004323,0.00417,24290,314.6
D,0.4,0,1,matched,0,ifo003,0.06888,0.00426,0.01085,24290,314.6
D,0.4,0,1,matched,1,ifo001,0.06468,0.004177,0.00733,24290,316.0
D,0.4,0,1,matched,1,ifo002,0.07775,0.004297,0.00079,24290,316.0
D,0.4,0,1,matched,1,ifo003,0.06681,0.004202,0.00562,24290,316.0
D,0.4,0,0,0.3,4,ifo001,0.06435,0.003241,0.00402,24290,384.6
D,0.4,0,0,0.3,4,ifo002,0.06051,0.003389,0.00091,24290,384.6
D,0.4,0,0,0.3,4,ifo003,0.08027,0.003302,0.00298,24290,384.6
D,0.4,0,1,matched,2,ifo001,0.06473,0.004218,0.0015,24290,316.0
D,0.4,0,1,matched,2,ifo002,0.08044,0.004309,0.00122,24290,316.0
D,0.4,0,1,matched,2,ifo003,0.06947,0.00424,0.00128,24290,316.0
D,0.4,0,1,matched,3,ifo001,0.06506,0.004206,0.00164,24290,325.9
D,0.4,0,1,matched,3,ifo002,0.08192,0.004308,0.00029,24290,325.9
D,0.4,0,1,matched,3,ifo003,0.07889,0.004227,0.00104,24290,325.9
D,0.4,0,1,matched,4,ifo001,0.08893,0.004169,0.00123,24290,312.8
D,0.4,0,1,matched,4,ifo002,0.06355,0.004306,0.00147,24290,312.8
D,0.4,0,1,matched,4,ifo003,0.07684,0.004265,0.00322,24290,312.8
D,0.4,0,1,0.3,0,ifo001,0.06693,0.00318,0.00204,24290,357.1
D,0.4,0,1,0.3,0,ifo002,0.07693,0.003306,0.00534,24290,357.1
D,0.4,0,1,0.3,0,ifo003,0.06716,0.003269,0.012,24290,357.1
D,0.4,0,1,0.3,2,ifo001,0.06418,0.00319,0.0012,24290,349.3
D,0.4,0,1,0.3,2,ifo002,0.07763,0.003292,0.00126,24290,349.3
D,0.4,0,1,0.3,2,ifo003,0.06873,0.003229,0.0012,24290,349.3
D,0.4,0,1,0.3,1,ifo001,0.06478,0.003169,0.00673,24290,361.4
D,0.4,0,1,0.3,1,ifo002,0.07681,0.003281,0.00121,24290,361.4
D,0.4,0,1,0.3,1,ifo003,0.06494,0.003214,0.00599,24290,361.4
D,0.4,0,1,0.05,0,ifo001,0.07869,0.000809,0.0012,24290,716.9
D,0.4,0,1,0.05,0,ifo002,0.09045,0.000826,0.0079,24290,716.9
D,0.4,0,1,0.05,0,ifo003,0.07939,0.000839,0.00891,24290,716.9
D,0.4,0,1,0.05,1,ifo001,0.09905,0.000779,0.00484,24290,739.0
D,0.4,0,1,0.05,1,ifo002,0.09441,0.000813,0.00189,24290,739.0
D,0.4,0,1,0.05,1,ifo003,0.08187,0.000814,0.00482,24290,739.0
D,0.4,0,1,0.05,3,ifo001,0.08855,0.000796,0.0019,24290,708.7
D,0.4,0,1,0.05,3,ifo002,0.09332,0.00083,0.00098,24290,708.7
D,0.4,0,1,0.05,3,ifo003,0.10928,0.000828,0.00079,24290,708.7
D,0.4,0,1,0.05,4,ifo001,0.10859,0.000805,0.0006,24290,708.8
D,0.4,0,1,0.05,4,ifo002,0.08337,0.000822,0.00225,24290,708.8
D,0.4,0,1,0.05,4,ifo003,0.10636,0.000834,0.001,24290,708.8
D,0.4,0,1,0.05,2,ifo001,0.0986,0.00081,0.00069,24290,767.6
D,0.4,0,1,0.05,2,ifo002,0.08544,0.000839,0.00241,24290,767.6
D,0.4,0,1,0.05,2,ifo003,0.07965,0.000826,0.00121,24290,767.6
D,0.4,0,1,0.3,3,ifo001,0.06754,0.003192,0.00163,24290,353.8
D,0.4,0,1,0.3,3,ifo002,0.08144,0.003289,0.00032,24290,353.8
D,0.4,0,1,0.3,3,ifo003,0.08237,0.003207,0.00089,24290,353.8
D,0.4,1,0,matched,0,ifo001,0.06615,0.003985,0.00143,24290,301.9
D,0.4,1,0,matched,0,ifo002,0.07402,0.004106,0.00255,24290,301.9
D,0.4,1,0,matched,0,ifo003,0.06926,0.004038,0.00606,24290,301.9
D,0.4,0,1,0.3,4,ifo001,0.08696,0.003143,0.00135,24290,352.6
D,0.4,0,1,0.3,4,ifo002,0.06318,0.003293,0.00163,24290,352.6
D,0.4,0,1,0.3,4,ifo003,0.07853,0.003242,0.00356,24290,352.6
D,0.4,1,0,matched,1,ifo001,0.06344,0.00398,0.00358,24290,300.6
D,0.4,1,0,matched,1,ifo002,0.07714,0.004107,0.00058,24290,300.6
D,0.4,1,0,matched,1,ifo003,0.06577,0.003996,0.00268,24290,300.6
D,0.4,1,0,matched,2,ifo001,0.06349,0.004005,0.00076,24290,308.6
D,0.4,1,0,matched,2,ifo002,0.07049,0.004113,0.00195,24290,308.6
D,0.4,1,0,matched,2,ifo003,0.07223,0.004018,0.00237,24290,308.6
D,0.4,1,0,matched,3,ifo001,0.06082,0.003998,0.0015,24290,296.0
D,0.4,1,0,matched,3,ifo002,0.07539,0.004115,0.0001,24290,296.0
D,0.4,1,0,matched,3,ifo003,0.08668,0.004007,0.0009,24290,296.0
D,0.4,1,0,matched,4,ifo001,0.07486,0.003956,0.00198,24290,303.2
D,0.4,1,0,matched,4,ifo002,0.06363,0.00409,0.00127,24290,303.2
D,0.4,1,0,matched,4,ifo003,0.07289,0.004027,0.00417,24290,303.2
D,0.4,1,0,0.3,0,ifo001,0.06674,0.002999,0.00124,24290,350.1
D,0.4,1,0,0.3,0,ifo002,0.07236,0.003125,0.00316,24290,350.1
D,0.4,1,0,0.3,0,ifo003,0.0681,0.003085,0.00631,24290,350.1
D,0.4,1,0,0.3,1,ifo001,0.06417,0.002998,0.00357,24290,349.5
D,0.4,1,0,0.3,1,ifo002,0.07822,0.003116,0.0007,24290,349.5
D,0.4,1,0,0.3,1,ifo003,0.06369,0.003037,0.003,24290,349.5
D,0.4,1,0,0.3,2,ifo001,0.06418,0.003025,0.00082,24290,346.5
D,0.4,1,0,0.3,2,ifo002,0.0682,0.003118,0.00214,24290,346.5
D,0.4,1,0,0.3,2,ifo003,0.07315,0.003041,0.00231,24290,346.5
D,0.4,1,0,0.05,0,ifo001,0.08737,0.000734,0.00168,24290,754.6
D,0.4,1,0,0.05,0,ifo002,0.09095,0.000759,0.00541,24290,754.6
D,0.4,1,0,0.05,0,ifo003,0.09287,0.000776,0.00381,24290,754.6
D,0.4,1,0,0.05,1,ifo001,0.09931,0.000728,0.00327,24290,759.0
D,0.4,1,0,0.05,1,ifo002,0.10564,0.000764,0.00097,24290,759.0
D,0.4,1,0,0.05,1,ifo003,0.08079,0.000763,0.00278,24290,759.0
D,0.4,1,0,0.05,2,ifo001,0.10326,0.000748,0.00088,24290,762.4
D,0.4,1,0,0.05,2,ifo002,0.08181,0.000764,0.00276,24290,762.4
D,0.4,1,0,0.05,2,ifo003,0.09447,0.00076,0.00209,24290,762.4
D,0.4,1,0,0.05,3,ifo001,0.0958,0.000737,0.00087,24290,753.5
D,0.4,1,0,0.05,3,ifo002,0.11027,0.000758,0.00016,24290,753.5
D,0.4,1,0,0.05,3,ifo003,0.12321,0.000762,0.00148,24290,753.5
D,0.4,1,0,0.3,3,ifo001,0.06198,0.003004,0.00144,24290,350.1
D,0.4,1,0,0.3,3,ifo002,0.07678,0.003121,9e-05,24290,350.1
D,0.4,1,0,0.3,3,ifo003,0.09132,0.003035,0.00096,24290,350.1
D,0.4,1,0,0.05,4,ifo001,0.1087,0.00073,0.00152,24290,758.9
D,0.4,1,0,0.05,4,ifo002,0.10725,0.00075,0.0009,24290,758.9
D,0.4,1,0,0.05,4,ifo003,0.09007,0.000767,0.00358,24290,758.9
D,0.4,1,1,matched,0,ifo001,0.07413,0.003933,0.00241,24290,309.7
D,0.4,1,1,matched,0,ifo002,0.08208,0.004056,0.00355,24290,309.7
D,0.4,1,1,matched,0,ifo003,0.07307,0.003983,0.00886,24290,309.7
D,0.4,1,0,0.3,4,ifo001,0.07746,0.002965,0.00219,24290,348.5
D,0.4,1,0,0.3,4,ifo002,0.06468,0.003111,0.00128,24290,348.5
D,0.4,1,0,0.3,4,ifo003,0.07283,0.003056,0.00499,24290,348.5
D,0.4,1,1,matched,1,ifo001,0.07203,0.003921,0.00719,24290,303.3
D,0.4,1,1,matched,1,ifo002,0.08026,0.004051,0.00074,24290,303.3
D,0.4,1,1,matched,1,ifo003,0.07277,0.003946,0.00468,24290,303.3
D,0.4,1,1,matched,2,ifo001,0.07062,0.003943,0.00245,24290,301.6
D,0.4,1,1,matched,2,ifo002,0.0756,0.00406,0.00153,24290,301.6
D,0.4,1,1,matched,2,ifo003,0.07881,0.003968,0.00242,24290,301.6
D,0.4,1,1,matched,3,ifo001,0.06886,0.003943,0.00243,24290,294.3
D,0.4,1,1,matched,3,ifo002,0.08005,0.004045,0.00018,24290,294.3
D,0.4,1,1,matched,3,ifo003,0.08276,0.003957,0.00227,24290,294.3
D,0.4,1,1,matched,4,ifo001,0.09782,0.003918,0.00117,24290,302.1
D,0.4,1,1,matched,4,ifo002,0.07143,0.004037,0.00195,24290,302.1
D,0.4,1,1,matched,4,ifo003,0.07516,0.003987,0.00468,24290,302.1
D,0.4,1,1,0.3,1,ifo001,0.07286,0.002985,0.00698,24290,348.4
D,0.4,1,1,0.3,1,ifo002,0.08114,0.003076,0.00083,24290,348.4
D,0.4,1,1,0.3,1,ifo003,0.07073,0.003011,0.00508,24290,348.4
D,0.4,1,1,0.3,0,ifo001,0.07509,0.002984,0.00225,24290,363.3
D,0.4,1,1,0.3,0,ifo002,0.08403,0.003098,0.00413,24290,363.3
D,0.4,1,1,0.3,0,ifo003,0.07408,0.003045,0.00879,24290,363.3
D,0.4,1,1,0.3,2,ifo001,0.07207,0.002983,0.00216,24290,344.3
D,0.4,1,1,0.3,2,ifo002,0.07429,0.003083,0.00167,24290,344.3
D,0.4,1,1,0.3,2,ifo003,0.08105,0.003017,0.00235,24290,344.3
D,0.4,1,1,0.05,0,ifo001,0.10142,0.000731,0.00189,24290,748.1
D,0.4,1,1,0.05,0,ifo002,0.11558,0.000752,0.00355,24290,748.1
D,0.4,1,1,0.05,0,ifo003,0.10769,0.00077,0.00535,24290,748.1
D,0.4,1,1,0.05,1,ifo001,0.12413,0.000718,0.00482,24290,740.3
D,0.4,1,1,0.05,1,ifo002,0.11372,0.000763,0.00091,24290,740.3
D,0.4,1,1,0.05,1,ifo003,0.0894,0.000746,0.00392,24290,740.3
D,0.4,1,1,0.05,2,ifo001,0.12637,0.000729,0.00167,24290,745.4
D,0.4,1,1,0.05,2,ifo002,0.0969,0.000757,0.00264,24290,745.4
D,0.4,1,1,0.05,2,ifo003,0.11573,0.00076,0.0022,24290,745.4
D,0.4,1,1,0.05,3,ifo001,0.10689,0.000725,0.0022,24290,762.0
D,0.4,1,1,0.05,3,ifo002,0.12259,0.000749,0.00034,24290,762.0
D,0.4,1,1,0.05,3,ifo003,0.13336,0.00075,0.00199,24290,762.0
D,0.4,1,1,0.05,4,ifo001,0.1304,0.000718,0.00157,24290,750.6
D,0.4,1,1,0.05,4,ifo002,0.11466,0.000755,0.00295,24290,750.6
D,0.4,1,1,0.05,4,ifo003,0.11274,0.000762,0.00214,24290,750.6
D,0.5,0,0,matched,0,ifo001,0.06821,0.005635,0.00251,24290,294.0
D,0.5,0,0,matched,0,ifo002,0.08904,0.005752,0.00347,24290,294.0
D,0.5,0,0,matched,0,ifo003,0.07736,0.005713,0.00982,24290,294.0
D,0.4,1,1,0.3,4,ifo001,0.09776,0.00296,0.00125,24290,348.5
D,0.4,1,1,0.3,4,ifo002,0.07308,0.003079,0.00211,24290,348.5
D,0.4,1,1,0.3,4,ifo003,0.07575,0.003039,0.00477,24290,348.5
D,0.4,1,1,0.3,3,ifo001,0.07074,0.002987,0.00239,24290,357.2
D,0.4,1,1,0.3,3,ifo002,0.0818,0.003081,0.00019,24290,357.2
D,0.4,1,1,0.3,3,ifo003,0.08764,0.003012,0.00211,24290,357.2
D,0.5,0,0,matched,4,ifo001,0.07227,0.005579,0.00354,24290,235.3
D,0.5,0,0,matched,4,ifo002,0.06745,0.005742,0.00141,24290,235.3
D,0.5,0,0,matched,4,ifo003,0.08437,0.005621,0.00247,24290,235.3
D,0.5,0,0,matched,1,ifo001,0.06548,0.005583,0.00425,24290,302.9
D,0.5,0,0,matched,1,ifo002,0.08741,0.005725,0.0008,24290,302.9
D,0.5,0,0,matched,1,ifo003,0.07196,0.005581,0.00389,24290,302.9
D,0.5,0,0,matched,2,ifo001,0.06697,0.005697,0.00048,24290,302.7
D,0.5,0,0,matched,2,ifo002,0.0969,0.005795,0.00187,24290,302.7
D,0.5,0,0,matched,2,ifo003,0.07333,0.005638,0.00251,24290,302.7
D,0.5,0,0,matched,3,ifo001,0.06321,0.005683,0.00257,24290,292.7
D,0.5,0,0,matched,3,ifo002,0.09087,0.005802,0.00059,24290,292.7
D,0.5,0,0,matched,3,ifo003,0.09327,0.005619,0.00038,24290,292.7
D,0.5,0,0,0.3,0,ifo001,0.06865,0.003454,0.00169,24290,355.1
D,0.5,0,0,0.3,0,ifo002,0.08425,0.003583,0.00586,24290,355.1
D,0.5,0,0,0.3,0,ifo003,0.07297,0.003538,0.01157,24290,355.1
D,0.5,0,0,0.3,2,ifo001,0.06486,0.003494,0.00034,24290,354.8
D,0.5,0,0,0.3,2,ifo002,0.09452,0.003559,0.00194,24290,354.8
D,0.5,0,0,0.3,2,ifo003,0.06984,0.003485,0.00221,24290,354.8
D,0.5,0,0,0.3,1,ifo001,0.06652,0.003421,0.0037,24290,361.5
D,0.5,0,0,0.3,1,ifo002,0.08568,0.003518,0.00175,24290,361.5
D,0.5,0,0,0.3,1,ifo003,0.07067,0.003445,0.00509,24290,361.5
D,0.5,0,0,0.05,0,ifo001,0.09274,0.000917,0.00192,24290,705.4
D,0.5,0,0,0.05,0,ifo002,0.08905,0.000954,0.01637,24290,705.4
D,0.5,0,0,0.05,0,ifo003,0.08762,0.000965,0.01241,24290,705.4
D,0.5,0,0,0.05,1,ifo001,0.08875,0.000892,0.00406,24290,765.7
D,0.5,0,0,0.05,1,ifo002,0.10102,0.00091,0.00318,24290,765.7
D,0.5,0,0,0.05,1,ifo003,0.1059,0.000925,0.00654,24290,765.7
D,0.5,0,0,0.05,2,ifo001,0.0936,0.000935,0.00033,24290,768.7
D,0.5,0,0,0.05,2,ifo002,0.11288,0.000966,0.00292,24290,768.7
D,0.5,0,0,0.05,2,ifo003,0.07629,0.000934,0.00244,24290,768.7
D,0.5,0,0,0.05,3,ifo001,0.09232,0.000926,0.00085,24290,774.3
D,0.5,0,0,0.05,3,ifo002,0.10022,0.000959,0.00016,24290,774.3
D,0.5,0,0,0.05,3,ifo003,0.12748,0.000945,0.00035,24290,774.3
D,0.5,0,1,matched,0,ifo001,0.07527,0.005351,0.0029,24290,297.7
D,0.5,0,1,matched,0,ifo002,0.08708,0.005495,0.00438,24290,297.7
D,0.5,0,1,matched,0,ifo003,0.07707,0.005423,0.01218,24290,297.7
D,0.5,0,0,0.3,3,ifo001,0.06733,0.003474,0.00237,24290,356.2
D,0.5,0,0,0.3,3,ifo002,0.08985,0.003566,0.00032,24290,356.2
D,0.5,0,0,0.3,3,ifo003,0.10183,0.003468,0.00054,24290,356.2
D,0.5,0,0,0.3,4,ifo001,0.07233,0.003391,0.00502,24290,363.9
D,0.5,0,0,0.3,4,ifo002,0.06711,0.003541,0.00117,24290,363.9
D,0.5,0,0,0.3,4,ifo003,0.08978,0.003465,0.00317,24290,363.9
D,0.5,0,0,0.05,4,ifo001,0.10242,0.000922,0.0029,24290,758.8
D,0.5,0,0,0.05,4,ifo002,0.08816,0.000938,0.0013,24290,758.8
D,0.5,0,0,0.05,4,ifo003,0.11918,0.000947,0.00126,24290,758.8
D,0.5,0,1,matched,1,ifo001,0.07101,0.005288,0.0093,24290,298.0
D,0.5,0,1,matched,1,ifo002,0.08769,0.005469,0.00102,24290,298.0
D,0.5,0,1,matched,1,ifo003,0.07335,0.005334,0.00564,24290,298.0
D,0.5,0,1,matched,2,ifo001,0.07173,0.005375,0.00219,24290,303.7
D,0.5,0,1,matched,2,ifo002,0.09084,0.005515,0.00161,24290,303.7
D,0.5,0,1,matched,2,ifo003,0.07517,0.005389,0.00233,24290,303.7
D,0.5,0,1,matched,3,ifo001,0.07024,0.005373,0.00207,24290,301.6
D,0.5,0,1,matched,3,ifo002,0.09242,0.005507,0.00038,24290,301.6
D,0.5,0,1,matched,3,ifo003,0.0871,0.005369,0.00144,24290,301.6
D,0.5,0,1,matched,4,ifo001,0.10088,0.005323,0.00148,24290,306.6
D,0.5,0,1,matched,4,ifo002,0.06916,0.005464,0.0016,24290,306.6
D,0.5,0,1,matched,4,ifo003,0.08304,0.005391,0.00364,24290,306.6
D,0.5,0,1,0.3,0,ifo001,0.07426,0.003311,0.00244,24290,346.3
D,0.5,0,1,0.3,0,ifo002,0.08691,0.003444,0.00682,24290,346.3
D,0.5,0,1,0.3,0,ifo003,0.07421,0.003405,0.01443,24290,346.3
D,0.5,0,1,0.3,1,ifo001,0.07208,0.003288,0.00842,24290,345.0
D,0.5,0,1,0.3,1,ifo002,0.08624,0.003401,0.00134,24290,345.0
D,0.5,0,1,0.3,1,ifo003,0.07063,0.003323,0.00611,24290,345.0
D,0.5,0,1,0.3,2,ifo001,0.06979,0.003327,0.00157,24290,350.1
D,0.5,0,1,0.3,2,ifo002,0.08769,0.003412,0.00173,24290,350.1
D,0.5,0,1,0.3,2,ifo003,0.07514,0.003365,0.00182,24290,350.1
D,0.5,0,1,0.05,0,ifo001,0.09315,0.000866,0.00159,24290,760.1
D,0.5,0,1,0.05,0,ifo002,0.10412,0.000875,0.01048,24290,760.1
D,0.5,0,1,0.05,0,ifo003,0.09116,0.0009,0.01073,24290,760.1
D,0.5,0,1,0.05,1,ifo001,0.11295,0.000832,0.00569,24290,758.7
D,0.5,0,1,0.05,1,ifo002,0.10634,0.000867,0.00238,24290,758.7
D,0.5,0,1,0.05,1,ifo003,0.09474,0.000857,0.00512,24290,758.7
D,0.5,0,1,0.05,2,ifo001,0.11124,0.00086,0.00101,24290,752.5
D,0.5,0,1,0.05,2,ifo002,0.0997,0.00089,0.00304,24290,752.5
D,0.5,0,1,0.05,2,ifo003,0.09374,0.000876,0.00143,24290,752.5
D,0.5,0,1,0.05,3,ifo001,0.09926,0.000848,0.00242,24290,753.2
D,0.5,0,1,0.05,3,ifo002,0.1081,0.000882,0.0013,24290,753.2
D,0.5,0,1,0.05,3,ifo003,0.12859,0.000878,0.00091,24290,753.2
D,0.5,0,1,0.05,4,ifo001,0.13101,0.000853,0.00086,24290,763.8
D,0.5,0,1,0.05,4,ifo002,0.09492,0.000871,0.00293,24290,763.8
D,0.5,0,1,0.05,4,ifo003,0.12329,0.000888,0.00107,24290,763.8
D,0.5,1,0,matched,0,ifo001,0.07124,0.005148,0.00201,24290,296.9
D,0.5,1,0,matched,0,ifo002,0.08395,0.005297,0.00285,24290,296.9
D,0.5,1,0,matched,0,ifo003,0.07598,0.005218,0.00741,24290,296.9
D,0.5,0,1,0.3,3,ifo001,0.0743,0.003314,0.0022,24290,340.6
D,0.5,0,1,0.3,3,ifo002,0.09316,0.003408,0.00048,24290,340.6
D,0.5,0,1,0.3,3,ifo003,0.09579,0.003334,0.0011,24290,340.6
D,0.5,0,1,0.3,4,ifo001,0.10065,0.003259,0.00169,24290,357.7
D,0.5,0,1,0.3,4,ifo002,0.06964,0.003418,0.00179,24290,357.7
D,0.5,0,1,0.3,4,ifo003,0.08762,0.003366,0.00379,24290,357.7
D,0.5,1,0,matched,1,ifo001,0.06876,0.005117,0.0048,24290,294.7
D,0.5,1,0,matched,1,ifo002,0.08532,0.005293,0.00086,24290,294.7
D,0.5,1,0,matched,1,ifo003,0.07226,0.00515,0.0028,24290,294.7
D,0.5,1,0,matched,2,ifo001,0.06887,0.005168,0.00101,24290,301.5
D,0.5,1,0,matched,2,ifo002,0.08125,0.005318,0.00267,24290,301.5
D,0.5,1,0,matched,2,ifo003,0.07697,0.005185,0.00357,24290,301.5
D,0.5,1,0,matched,3,ifo001,0.06527,0.005166,0.00192,24290,299.7
D,0.5,1,0,matched,3,ifo002,0.0844,0.005327,0.00021,24290,299.7
D,0.5,1,0,matched,3,ifo003,0.09513,0.005169,0.00084,24290,299.7
D,0.5,1,0,matched,4,ifo001,0.08139,0.005092,0.00241,24290,289.5
D,0.5,1,0,matched,4,ifo002,0.06766,0.005265,0.00149,24290,289.5
D,0.5,1,0,matched,4,ifo003,0.07972,0.005184,0.00454,24290,289.5
D,0.5,1,0,0.3,0,ifo001,0.0725,0.003155,0.00145,24290,355.8
D,0.5,1,0,0.3,0,ifo002,0.08121,0.003288,0.0047,24290,355.8
D,0.5,1,0,0.3,0,ifo003,0.07397,0.003244,0.00818,24290,355.8
D,0.5,1,0,0.3,1,ifo001,0.07051,0.003149,0.00479,24290,350.7
D,0.5,1,0,0.3,1,ifo002,0.0869,0.003266,0.00106,24290,350.7
D,0.5,1,0,0.3,1,ifo003,0.06889,0.003181,0.00342,24290,350.7
D,0.5,1,0,0.3,2,ifo001,0.06806,0.003183,0.00103,24290,353.6
D,0.5,1,0,0.3,2,ifo002,0.07796,0.00326,0.003,24290,353.6
D,0.5,1,0,0.3,2,ifo003,0.07793,0.00319,0.00316,24290,353.6
D,0.5,1,0,0.05,0,ifo001,0.0955,0.0008,0.00233,24290,765.7
D,0.5,1,0,0.05,0,ifo002,0.0964,0.000819,0.00816,24290,765.7
D,0.5,1,0,0.05,0,ifo003,0.10007,0.000843,0.00527,24290,765.7
D,0.5,1,0,0.05,1,ifo001,0.10669,0.000786,0.00437,24290,755.5
D,0.5,1,0,0.05,1,ifo002,0.11467,0.000828,0.00149,24290,755.5
D,0.5,1,0,0.05,1,ifo003,0.09194,0.000823,0.00343,24290,755.5
D,0.5,1,0,0.05,2,ifo001,0.11013,0.000814,0.00116,24290,765.0
D,0.5,1,0,0.05,2,ifo002,0.09348,0.000828,0.00365,24290,765.0
D,0.5,1,0,0.05,2,ifo003,0.10138,0.000821,0.00292,24290,765.0
D,0.5,1,0,0.05,3,ifo001,0.10321,0.000798,0.0011,24290,748.9
D,0.5,1,0,0.05,3,ifo002,0.11975,0.00082,0.00013,24290,748.9
D,0.5,1,0,0.05,3,ifo003,0.13831,0.000822,0.00145,24290,748.9
D,0.5,1,1,matched,0,ifo001,0.07917,0.005017,0.00308,24290,305.0
D,0.5,1,1,matched,0,ifo002,0.08877,0.005178,0.00382,24290,305.0
D,0.5,1,1,matched,0,ifo003,0.07831,0.005089,0.01041,24290,305.0
D,0.5,1,0,0.05,4,ifo001,0.11955,0.000787,0.00218,24290,747.0
D,0.5,1,0,0.05,4,ifo002,0.11265,0.000813,0.00086,24290,747.0
D,0.5,1,0,0.05,4,ifo003,0.10344,0.000832,0.00342,24290,747.0
D,0.5,1,0,0.3,4,ifo001,0.0849,0.003107,0.00306,24290,357.5
D,0.5,1,0,0.3,4,ifo002,0.06901,0.003263,0.00128,24290,357.5
D,0.5,1,0,0.3,4,ifo003,0.08158,0.003201,0.00561,24290,357.5
D,0.5,1,0,0.3,3,ifo001,0.06683,0.003161,0.00191,24290,369.9
D,0.5,1,0,0.3,3,ifo002,0.08759,0.003271,0.00018,24290,369.9
D,0.5,1,0,0.3,3,ifo003,0.10515,0.003178,0.00098,24290,369.9
D,0.5,1,1,matched,1,ifo001,0.07642,0.004991,0.00919,24290,293.8
D,0.5,1,1,matched,1,ifo002,0.08767,0.00517,0.00112,24290,293.8
D,0.5,1,1,matched,1,ifo003,0.07742,0.005047,0.00498,24290,293.8
D,0.5,1,1,matched,2,ifo001,0.07543,0.00503,0.00318,24290,299.9
D,0.5,1,1,matched,2,ifo002,0.08413,0.00519,0.00208,24290,299.9
D,0.5,1,1,matched,2,ifo003,0.08215,0.005068,0.00361,24290,299.9
D,0.5,1,1,matched,3,ifo001,0.07346,0.005036,0.00287,24290,306.2
D,0.5,1,1,matched,3,ifo002,0.08878,0.00517,0.00021,24290,306.2
D,0.5,1,1,matched,3,ifo003,0.08953,0.005075,0.00257,24290,306.2
D,0.5,1,1,matched,4,ifo001,0.1079,0.004986,0.00139,24290,294.4
D,0.5,1,1,matched,4,ifo002,0.07537,0.005157,0.00207,24290,294.4
D,0.5,1,1,matched,4,ifo003,0.08089,0.005086,0.00523,24290,294.4
D,0.5,1,1,0.3,0,ifo001,0.08038,0.003115,0.00289,24290,394.0
D,0.5,1,1,0.3,0,ifo002,0.09188,0.003228,0.00512,24290,394.0
D,0.5,1,1,0.3,0,ifo003,0.07864,0.003178,0.0111,24290,394.0
D,0.5,1,1,0.3,1,ifo001,0.07852,0.003109,0.00887,24290,388.6
D,0.5,1,1,0.3,1,ifo002,0.08965,0.003204,0.00113,24290,388.6
D,0.5,1,1,0.3,1,ifo003,0.07487,0.003125,0.00535,24290,388.6
D,0.5,1,1,0.3,2,ifo001,0.07606,0.00312,0.00277,24290,396.2
D,0.5,1,1,0.3,2,ifo002,0.08177,0.003206,0.00232,24290,396.2
D,0.5,1,1,0.3,2,ifo003,0.08711,0.003145,0.00298,24290,396.2
D,0.5,1,1,0.05,0,ifo001,0.10921,0.000787,0.00241,24290,746.2
D,0.5,1,1,0.05,0,ifo002,0.12386,0.000806,0.00513,24290,746.2
D,0.5,1,1,0.05,0,ifo003,0.11407,0.000829,0.00668,24290,746.2
D,0.5,1,1,0.05,3,ifo001,0.113,0.000787,0.00273,24290,725.7
D,0.5,1,1,0.05,3,ifo002,0.13255,0.000803,0.00049,24290,725.7
D,0.5,1,1,0.05,3,ifo003,0.14796,0.000805,0.002,24290,725.7
D,0.5,1,1,0.05,1,ifo001,0.1322,0.000772,0.00597,24290,778.8
D,0.5,1,1,0.05,1,ifo002,0.12033,0.000818,0.00142,24290,778.8
D,0.5,1,1,0.05,1,ifo003,0.09671,0.000793,0.00448,24290,778.8
D,0.5,1,1,0.05,2,ifo001,0.13557,0.000781,0.00199,24290,787.7
D,0.5,1,1,0.05,2,ifo002,0.10324,0.000808,0.00346,24290,787.7
D,0.5,1,1,0.05,2,ifo003,0.12531,0.000813,0.00242,24290,787.7
D,0.5,1,1,0.05,4,ifo001,0.14684,0.000769,0.0017,24290,728.6
D,0.5,1,1,0.05,4,ifo002,0.12126,0.000809,0.00354,24290,728.6
D,0.5,1,1,0.05,4,ifo003,0.12474,0.000816,0.00221,24290,728.6
D,0.5,1,1,0.3,3,ifo001,0.07684,0.003119,0.00288,24290,370.8
D,0.5,1,1,0.3,3,ifo002,0.09173,0.0032,0.00025,24290,370.8
D,0.5,1,1,0.3,3,ifo003,0.10056,0.00313,0.00225,24290,370.8
D,0.5,1,1,0.3,4,ifo001,0.10973,0.003076,0.00153,24290,381.8
D,0.5,1,1,0.3,4,ifo002,0.07836,0.003196,0.00243,24290,381.8
D,0.5,1,1,0.3,4,ifo003,0.08369,0.003163,0.00527,24290,381.8
